SERIAL  NO,DATE ,DESCRIPTION ,,AMOUNT ,SERIAL NO,DATE,SPENDED ,,AMOUNT ,@,,,,,,,
1,23/01/2024,Balance in Account,-,1500,1,24/01/2024,Bus Spare (Home to Room),-,55,,,,,,,,
2,23/01/2024,Amount in hand,-,510,2,24/01/2024,Bus spare (Room to Clg to Room),-,50,,,,,,,,
3,24/01/2024,Appa kudatha amount ,-,1500,3,24/01/2024,Crocs Slipper,-,330,,,,,,,,
4,30/01/2024,Appa kudatha amount ,-,1000,4,24/01/2024,beef pakoda,-,100,,,,,,,,
5,01/02/2024,Appa gpay,-,91,5,24/01/2024,Tea,-,20,,,,,,,,
6,11/02/2024,appa rent  ku kudha amount ,-,1500,6,25/01/2024,Facewash,-,110,,,,,,,,
7,12/02/2024,appa kudatha amount ,-,500,7,25/01/2024,Supermarket ,-,150,,,,,,,,
8,13/02/2024,amma amount ,-,200,8,25/01/2024,Chips,-,60,,,,,,,,
9,17/02/2024,Patti ,-,500,9,26/01/2024,Masala,-,100,,,,,,,,
10,20/02/2024,Amma account la irrutha  for Tnpsc,-,300,10,24/12/2024,Exam Fees ,-,1500,,,,,,,,
11,21/02/2024,amma kudatha amount ,-,100,11,27/01/2024,Order,-,62,,,,,,,,
12,21/02/2024,appa paytm,-,220,12,27/01/2024,Water,-,17,,,,,,,,
13,22/02/2024,amma account la irruthu edutha,-,250,13,28/01/2024,chips ,-,40,,,,,,,,
14,25/02/2024,appa given for haircut ,-,100,14,28/01/2024,mukil,-,20,,,,,,,,
15,26/02/2024,appa given,-,500,15,28/01/2024,imman,-,10,,,,,,,,
16,06/03/2024,Anna for petrol ,-,100,16,29/01/2024,Mrng Bus spare,-,10,,,,,,,,
17,10/03/2024,appa for chennai,-,500,17,29/01/2024,Print out,-,10,,,,,,,,
18,11/03/2024,patti,-,500,18,29/01/2024,Afternoon spare,-,50,,,,,,,,
19,11/03/2024,amma account ,-,300,19,29/01/2024,Home spare,-,56,,,,,,,,
20,11/03/2024,god,-,500,20,30/01/2024,Topup,-,160,,,,,,,,
21,12/03/2024,Appa,-,1000,21,01/02/2024,Chips and buds,-,35,,,,,,,,
22,12/03/2024,Appa given for vegetables ,-,200,22,01/02/2024,Home leave spare,-,15,,,,,,,,
23,13/03/2024,Appa Emi account ,-,1000,23,01/02/2024,Arcot to Kanchi,-,42,,,,,,,,
24,25/03/2024,appa kudatha amount ,-,550,25,01/02/2024,bonda & chips,-,73,,,,,,,,
25,28/03/2024,appa Emi amount balance ,-,670,26,01/02/2024,Rice,-,70,,,,,,,,
26,08/04/2024,appa gpay la send panna amount ,-,500,27,01/02/2024,order,-,97,,,,,,,,
27,07/04/2024,haircut money + appa account ,-,450,28,01/02/2024,Halls,-,14,,,,,,,,
28,10/04/2024,amma,-,500,29,02/02/2024,water,-,20,,,,,,,,
29,16/04/2024,appa account la,-,250,30,02/02/2024,chips and banana,-,35,,,,,,,,
30,16/04/2024,amma ,-,500,31,02/02/2024,Maggie  and dosa mavuh,-,53,,,,,,,,
31,17/04/2024,Patti,-,200,32,03/02/2024,baji mavuh + oil,-,48,,,,,,,,
32,22/04/2024,appa gpay ,-,500,33,03/02/2024,chips,-,35,,,,,,,,
33,29/04/2024,appa gpay,-,400,34,04/02/2024,Milk,-,20,,,,,,,,
34,30/04/2024,appa gpay,-,670,35,05/02/2024,Tea and Chips,-,45,,,,,,,,
35,08/05/2024,appa gpay,-,250,36,05/02/2024,order,-,100,,,,,,,,
36,10/05/2024,gokul,-,0,37,05/02/2024,bus spare,-,20,,,,,,,,
37,12/05/2024,appa,-,1100,38,06/02/2024,Weekly Topup,-,160,,,,,,,,
38,11/05/2024,amma for lens,-,1000,39,06/02/2024,Order,-,100,,,,,,,,
39,14/05/2024,amma,-,100,40,06/02/2024,water,-,7,,,,,,,,
40,14/05/2024,periama +patti,-,700,41,07/02/2824,snacks,-,103,,,,,,,,
41,17/05/2024,appa,-,500,42,07/02/2024,order,-,40,,,,,,,,
42,19/05/2024,amma,-,1000,43,07/02/2024,bus spare,-,30,,,,,,,,
43,29/05/2024,scholarship amount taken,-,500,44,08/02/2024,chocolate,-,10,,,,,,,,
44,04/06/2024,appa,-,2000,45,08/02/2024,bus spare,-,30,,,,,,,,
45,09/06/2024,appa+amma,-,1100,46,08/02/2024,home spare,-,80,,,,,,,,
46,14/06/2024,lic amount ,-,231,47,09/02/2024,topup ,-,80,,,,,,,,
47,16/06/2024,appa(amma),-,1000,48,09/02/2024,Panipuri,-,60,,,,,,,,
48,19/06/2024,patti,-,350,49,11/02/2024,room rent,-,1250,,,,,,,,
49,08/07/2024,appa ,-,700,49,12/02/2024,bus spare to college ,-,60,,,,,,,,
50,08/07/2024,amma+busspare,-,1200,50,12/02/2024,tea & icecream,-,20,,,,,,,,
51,08/07/2024,appa rent,-,2000,51,12/02/2024,auto spare to room,-,10,,,,,,,,
52,08/07/2024,patti,-,500,52,12/02/2024,coca,-,20,,,,,,,,
53,10/07/2024,anna,-,300,53,13/02/2024,curd,-,20,,,,,,,,
54,11/07/2024,appa ,-,1000,54,13/02/2024,chips,-,20,,,,,,,,
55,16/07/2024,amma,-,230,55,13/02/2024,Recharge ,-,240,,,,,,,,
56,29/07/2024,patti for kavadi,-,500,56,14/02/2024,order,-,88,,,,,,,,
57,31/07/2024,amma,-,500,57,14/02/2024,auto spare  to clg,-,20,,,,,,,,
58,01/08/2024,patti,-,100,58,14/02/2024,bus spare to room,-,10,,,,,,,,
59,2024,unknown ,-,250,59,14/02/2024,room to bus stop,-,20,,,,,,,,
60,06/08/2024,appa (rent),-,2000,60,14/02/2024,grapes,-,50,,,,,,,,
61,10/08/2024,House owner given plant remove,-,150,61,14/02/2024,juice,-,20,,,,,,,,
62,16/08/2024,amma account +patti,-,700,62,14/02/2024,donate in Kanchipuram ,-,40,,,,,,,,
63,18/08/2024,appa ,-,1100,63,14/02/2024,bus spare to arcot,-,40,,,,,,,,
64,27/08/2024,appa,-,500,64,14/02/2024,water,-,10,,,,,,,,
65,09/09/2024,appa,-,3100,65,14/02/2024,donate in arcot,-,40,,,,,,,,
66,15/09/2024,appa,-,100,66,14/02/2024,arcot to muthukadai,-,10,,,,,,,,
67,16/09/2024,appa,-,400,67,14/02/2024,phone cover,-,90,,,,,,,,
68,21/09/2024,appa,-,1000,68,15/02/2024,bakery ,-,75,,,,,,,,
69,27/09/2024,anna,-,500,69,15/02/2024,chicken ,-,68,,,,,,,,
70,29/09/2024,appa+amma,-,1000,70,16/02/2024,juice ,-,20,,,,,,,,
71,02/10/2024,appa,-,1100,71,16/02/2024,busspare,-,20,,,,,,,,
72,06/10/2024,appa+amma,-,2000,72,16/02/2024,chicken ,-,100,,,,,,,,
73,06/10/2024,amma,-,100,73,17/02/2024,Bakery,-,140,,,,,,,,
74,27/10/2024,appa,-,500,74,18/02/2024,order delivery charge,-,30,,,,,,,,
74,21/10/2024,amma account ,-,1000,75,19/02/2024,snacks ,-,60,,,,,,,,
75,21/10/2024,anna,-,300,76,19/02/2024,video,-,50,,,,,,,,
76,28/10/2024,gokul,-,200,77,19/02/2024,recharge ,-,37,,,,,,,,
77,03/11/2024,mano,-,50,78,20/02/2024,Watermelon ,-,20,,,,,,,,
78,04/11/2024,appa + amma,-,420,79,20/02/2024,juice,-,20,,,,,,,,
79,04/11/2024,rummy ,-,150,80,20/02/2024,TNPSC,-,170,,,,,,,,
80,07/11/2024,appa for rent,-,2000,81,20/02/2024,petrol,-,100,,,,,,,,
81,10/11/2024,anna,-,200,82,21/02/2024,Ther Pooja and etc spare,-,127,,,,,,,,
82,13/11/2024,appa,-,2000,83,22/02/2024,Dhanush ,-,20,,,,,,,,
83,24/11/2024,appa,-,900,84,22/02/2024,Electronic gadgets ,-,400,,,,,,,,
84,28/11/2024,appa+amma,-,330,85,22/02/2024,appa phone back cover,-,120,,,,,,,,
85,28/11/2024,my amount for diwali dress,-,1000,86,22/02/2024,ice cream ,-,60,,,,,,,,
86,01/12/2024,Appa + amma,-,600,87,22/02/2024,Petrol,-,50,,,,,,,,
87,04/12/2024,madhan anna,-,1000,88,23/02/2024,ther,-,230,,,,,,,,
88,06/12/2024,Manavalan ,-,200,89,25/02/2024,haircut(170)  + medicine (23),-,200,,,,,,,,
89,07/12/2024,Appa for (fees & rent),-,4000,90,26/02/2024,bus spare,-,50,,,,,,,,
90,0/11-12/2024,Forget ,-,640,91,27/02/2024,order,-,100,,,,,,,,
91,14/12/2024,patti,-,2000,92,27/02/2024,curd+chips,-,30,,,,,,,,
92,20/12/2024,Amma+appa,-,1500,93,27/02/2024,spare ,-,40,,,,,,,,
93,22/12/2024,Kavitha ,-,200,94,28/02/2024,spare,-,20,,,,,,,,
94,01/01/2025,Appa,-,10000,95,28/02/2024,order,-,49,,,,,,,,
95,03/01/2025,Money Exchanged (Normal to Personal),-,-1700,96,28/02/2024,tea+fish+egg,-,98,,,,,,,,
96,13/01/2025,anna for dress(transfered to personal),-,0,99,28/02/2024,order,-,96,,,,,,,,
97,14/01/2024,amma+appa account ,-,300,100,29/02/2024,spare,-,20,,,,,,,,
98,20/01/2025,"amma,appa",-,700,101,29/02/2024,order,-,98,,,,,,,,
99,01/02/2025,appa,-,2082,102,29/02/2024,panipuri ,-,30,,,,,,,,
100,17/02/2024,appa,-,500,103,01/03/2024,imman,-,6,,,,,,,,
101,20/02/2025,appa + amma,-,610,104,03-2024,room to busstand,-,20,,,,,,,,
102,23/02/2025,appa,-,1000,105,01/03/2024,busstop to walajah,-,40,,,,,,,,
103,24/02/2025,appa,-,7000,106,01/03/2024,waterbottle,-,20,,,,,,,,
104,02/03/2025,appa,-,2100,107,01/03/2024,walajah to muthukadai ,-,10,,,,,,,,
105,08/03/2025,anna,-,300,108,01/03/2024,muthukadai to arcot,-,10,,,,,,,,
106,10/03/2025,appa+amma+patti,-,2700,109,01/03/2024,arcot to home,-,15,,,,,,,,
107,20/03/2025,Anna + Appa,-,1300,110,01/03/2024,bakery,-,50,,,,,,,,
108,26/03/2055,mano,-,200,111,03/03/2024,Recharge ,-,15,,,,,,,,
109,28/03/2025,kavi,-,200,112,03/03/2024,Vicks thailam,-,20,,,,,,,,
110,29/03/2025,sharika ,-,100,113,04/03/2024,milk+chips,-,32,,,,,,,,
111,29/03/2025,appa,-,10000,114,04/03/2024,chicken ,-,120,,,,,,,,
112,31/03/2025,appa,-,750,115,06/03/2024,earrings ,-,20,,,,,,,,
113,07/04/2025,anna,-,1000,116,06/03/2024,petrol,-,110,,,,,,,,
114,10/04/2025,amma account ,-,412,117,06/03/2024,Recharge ,-,30,,,,,,,,
115,13/04/2025,amma,-,1500,118,06/03/2024,Weekly ,-,160,,,,,,,,
116,15/04/2025,appa+amma,-,1340,119,06/03/2024,Juice,-,100,,,,,,,,
117,19/04/2025,patti,-,500,120,07/03/2024,recharge ,-,19,,,,,,,,
118,20/04/2025,amma ,-,200,121,07/03/2024,chips+egg,-,63,,,,,,,,
119,01/05/2025,appa,-,5000,122,08/03/2024,Topup,-,80,,,,,,,,
120,12/05/2025,appa + amma,-,650,123,08/03/2024,Petrol,-,100,,,,,,,,
121,15/05/2025,scholarship amount taken,-,1000,124,10/03/2024,Train ticket ,-,24,,,,,,,,
122,22/05/2025,amma + appa,-,1150,125,10/03/2024,mrng snack,-,30,,,,,,,,
123,26/05/2025,appa,-,1000,126,10/03/2024,Central to Mylapore ,-,30,,,,,,,,
124,02/06/2025,From Scholarship ,-,500,127,10/03/2023,Mylapore to central,-,30,,,,,,,,
125,02/06/2025,appa for new house advance ,-,6000,128,10/03/2024,chips + juice,-,60,,,,,,,,
126,09/06/2025,Anna + unkown reason,-,700,128,10/03/2024,icecream ,-,40,,,,,,,,
127,20/06/2025,advance return (advance )(2000),-,3250,129,11/03/2024,Topup,-,160,,,,,,,,
128,22/06/2025,appa,-,500,130,12/03/2024,imman,-,12,,,,,,,,
129,27/06/2025,appa for paal kachadhuku,-,600,131,12/03/2024,Recharge ,-,19,,,,,,,,
130,18/06/2025,patti,-,500,132,12/03/2024,lalapettai to muthukadai ,-,12,,,,,,,,
131,02/07/2025,patti,-,200,133,12/03/2024,muthukadai to room,-,36,,,,,,,,
132,09/07/2025,amma,-,500,134,13/03/2024,clg spare,-,30,,,,,,,,
133,23/07/2025,patti,-,1000,135,13/03/2024,Grocery ,-,235,,,,,,,,
134,30/07/2025,patti,-,200,136,13/03/2024,Vegetables,-,35,,,,,,,,
135,31/07/2025,appa,-,16000,137,13/03/2024,super market,-,74,,,,,,,,
136,31/07/2025,kavitha ,-,100,138,13/03/2024,Pencil+ledbox+black&blue pen+erase ,-,43,,,,,,,,
137,03/08/2025,Amma,-,100,139,13/03/2024,Busstop spare,-,38,,,,,,,,
138,04/08/2025,Appa for rent ,-,6000,140,13/03/2024,chips+water+comb+Xerox ,-,99,,,,,,,,
139,10/08/2025,Appa,-,800,141,14/03/2024,clg spare,-,30,,,,,,,,
140,18/08/2025,Appa,-,1000,142,15/03/2024,bus spare,-,10,,,,,,,,
141,31/08/2025,Appa,-,1000,143,15/03/2024,Itch guard,-,110,,,,,,,,
142,05/09/2025,amma,-,400,144,15/03/2024,snacks+chicken+curd,-,105,,,,,,,,
143,07/09/2025,Appa,-,5000,145,16/03/2024,spare,-,30,,,,,,,,
144,08&10/09/2025,Amma + Free Hostel Money (150),-,250,146,16/03/2024,Teatime ,-,48,,,,,,,,
145,15/09/2025,Appa,-,500,147,16/03/2024,Evening snack,-,100,,,,,,,,
146,16/09/2025,Appa,-,1000,148,17/03/2024,Train ticket kanchi to Chennai ,-,25,,,,,,,,
147,04/10/2025,Appa,-,5000,149,17/03/2024,Bus to Mylapore ,-,10,,,,,,,,
148,06/10/2025,appa+Amma,-,250,150,17/03/2024,book,-,400,,,,,,,,
149,19/10/2025,Appa for diwali dress + Normal ,-,500,151,17/03/2024,train+bus,-,10,,,,,,,,
150,21/10/2025,Appa,-,800,152,17/03/2024,afternoon lunch,-,103,,,,,,,,
151,22/10/2025,Amma,-,100,153,17/03/2024,watermelon ,-,30,,,,,,,,
152,03/11/2025,amma for iv & rent,-,6000,154,17/03/2024,bus ticket to poothamalle to kanchi,-,83,,,,,,,,
153,09/11/2025,Appa,-,1000,155,17/03/2024,chicken ,-,100,,,,,,,,
154,16/11/2025,Appa,-,500,156,17/03/2024,store malasa +snacks ,-,40,,,,,,,,
155,17/11/2025,Appa,-,2500,157,17/03/2024,watercan,-,20,,,,,,,,
156,18/11/2025,Patti,-,500,158,18/03/2024,spare,-,30,,,,,,,,
157,23/11/2025,Appa + amma,-,230,159,19/03/2024,spare,-,20,,,,,,,,
,,,,,160,20/03/2024,spare,-,10,,,,,,,,
,,,,,161,21/03/2024,spare,-,30,,,,,,,,
,,,,,162,21/03/2024,vegetables,-,25,,,,,,,,
,,,,,163,22/03/2024,tea+biscuit +juice +can,-,47,,,,,,,,
,,,,,164,22/03/2024,spare,-,10,,,,,,,,
,,,,,165,23/03/2024,clg spare,-,10,,,,,,,,
,,,,,166,23/03/2024,food,-,60,,,,,,,,
,,,,,167,23/03/2024,clg to arcot ,-,40,,,,,,,,
,,,,,168,23/03/2024,arcot to home ,-,22,,,,,,,,
,,,,,169,25/03/2024,home to room,-,74,,,,,,,,
,,,,,170,25/03/2024,clg spare,-,30,,,,,,,,
,,,,,171,25/03/2024,bread + egg + vegetable ,-,115,,,,,,,,
,,,,,172,26/03/2024,spare ,-,10,,,,,,,,
,,,,,173,26/03/2024,Egg,-,20,,,,,,,,
,,,,,174,27/03/2024,vegetables +snacks +egg,-,60,,,,,,,,
,,,,,175,27/03/2024,spare,-,10,,,,,,,,
,,,,,176,28/03/2024,spare,-,30,,,,,,,,
,,,,,177,28/03/2024,food order,-,222,,,,,,,,
,,,,,178,29/03/2024,curd,-,20,,,,,,,,
,,,,,179,29/03/2024,medical ,-,155,,,,,,,,
,,,,,180,29/03/2024,Maggie + snacks +juice +can,-,97,,,,,,,,
,,,,,181,30/03/2024,spare,-,20,,,,,,,,
,,,,,182,30/03/2024,mukil,-,50,,,,,,,,
,,,,,183,30/03/2024,juice+water,-,45,,,,,,,,
,,,,,184,30/03/2024,medical ,-,135,,,,,,,,
,,,,,185,30/03/2024,order food,-,195,,,,,,,,
,,,,,186,31/03/2024,food,-,89,,,,,,,,
,,,,,187,31/03/2024,Maggie + juice + egg +snacks,-,80,,,,,,,,
,,,,,188,31/03/2024,water melon +tea,-,40,,,,,,,,
,,,,,189,01/04/2024,spare,-,10,,,,,,,,
TOTAL,,,,183486,190,01/04/2024,juice ,-,10,,,,,,,,
,,,,,191,02/04/2024,spare,-,20,,,,,,,,
,,,,,192,04/04/2021,spare,-,20,,,,,,,,
,,,,,193,05/04/2024,spare,-,20,,,,,,,,
,,,,,194,06/04/2024,room to busstop ,-,10,,,,,,,,
,,,,,195,06/04/2024,kanchi to home ,-,66,,,,,,,,
,,,,,196,08/04/2024,home to clg,-,40,,,,,,,,
,,,,,197,08/04/2024,tea time ,-,92,,,,,,,,
,,,,,198,08/04/2024,recharge ,-,241,,,,,,,,
,,,,,199,08/04/2024,spare+ petrol ,-,70,,,,,,,,
,,,,,200,08/04/2024,food + watermelon +waterbottle ,-,100,,,,,,,,
,,,,,201,08/04/2024,waterbottle + coca,-,50,,,,,,,,
,,,,,202,09/04/2024,tomato + onion +egg + soap + snacks,-,68,,,,,,,,
,,,,,203,10/04/2024,shoap + shampoo  +curd,-,24,,,,,,,,
,,,,,204,10/04/2024,clg to room,-,20,,,,,,,,
,,,,,205,10/04/2024,room to bus stop to arcot to home,-,78,,,,,,,,
,,,,,206,10/04/2024,waterbottle  + tea + puffs,-,52,,,,,,,,
,,,,,207,12/04/2024,bakery + juice ,-,160,,,,,,,,
,,,,,208,11/04/2024,ponda + buji ,-,50,,,,,,,,
,,,,,209,15/04/2024,chicken ,-,70,,,,,,,,
,,,,,210,16/04/2024,bgmi+topup ff,-,50,,,,,,,,
,,,,,211,16/04/2024,atm charge,-,353,,,,,,,,
,,,,,212,17/04/2024,home to clg,-,55,,,,,,,,
,,,,,213,17/04/2024,clg to room to busstop ,-,40,,,,,,,,
,,,,,214,17/04/2024,busstop to home,-,60,,,,,,,,
,,,,,215,17/04/2024,juice+waterbottle ,-,40,,,,,,,,
,,,,,216,22/04/2024,home to muthukadai  to room,-,51,,,,,,,,
,,,,,217,22/04/2024,room to clg to room,-,30,,,,,,,,
,,,,,218,22/04/2024,watermelon + milk + vegetable ,-,70,,,,,,,,
,,,,,219,22/04/2024,bread+soap+shampoo+detergent+rope,-,162,,,,,,,,
,,,,,220,22/04/2024,snacks +juice +water,-,40,,,,,,,,
,,,,,221,23/04/2024,curd+banana ,-,50,,,,,,,,
,,,,,222,23/04/2024,spare,-,20,,,,,,,,
,,,,,223,24/04/2024,spare,-,20,,,,,,,,
,,,,,224,24/04/2024,watermelon ,-,20,,,,,,,,
,,,,,225,24/04/2024,tamilvanan,-,50,,,,,,,,
,,,,,226,25/04/2024,grocery things ,-,98,,,,,,,,
,,,,,227,26/04/2024,banana +parrot+milk,-,75,,,,,,,,
,,,,,228,26/04/2024,Xerox ,-,15,,,,,,,,
,,,,,228,27/04/2024,spare,-,20,,,,,,,,
,,,,,228,27/04/2024,egg,-,24,,,,,,,,
,,,,,229,28/04/2024,milk + order half amount ,-,53,,,,,,,,
,,,,,230,29/04/2024,spare + snacks+egg+milk,-,54,,,,,,,,
,,,,,231,29/04/2024,food,-,160,,,,,,,,
,,,,,232,30/04/2024,juice ,-,25,,,,,,,,
,,,,,233,01/05/2024,milk+bannana ,-,30,,,,,,,,
,,,,,234,02/05/2024,food ,-,62,,,,,,,,
,,,,,235,02/05/2024,supermarket ,-,40,,,,,,,,
,,,,,236,02/05/2024,juice ,-,60,,,,,,,,
,,,,,237,03/05/2024,juice,-,100,,,,,,,,
,,,,,238,04/05/2024,milk+snacks +juice +tea ,-,55,,,,,,,,
,,,,,239,04/05/2024,vegetable +egg+curd,-,39,,,,,,,,
,,,,,240,05/05/2024,curd+snacks ,-,20,,,,,,,,
,,,,,241,06/05/2024,spare +tea,-,40,,,,,,,,
,,,,,212,07/05/2024,tea+vegetable ,-,80,,,,,,,,
,,,,,213,08/05/2024,potato +egg,-,56,,,,,,,,
,,,,,214,08/05/2024,supermarket ,-,228,,,,,,,,
,,,,,215,09/05/2024,spare+cafe,-,80,,,,,,,,
,,,,,216,10/05/2024,room to Kanchipuram to arcot to home,-,92,,,,,,,,
,,,,,217,11/05/2024,icecream ,-,60,,,,,,,,
,,,,,218,11/05/2024,electricity ,-,150,,,,,,,,
,,,,,219,11/05/2024,lens(half)+petrol+food,-,900,,,,,,,,
,,,,,220,12/05/2024,amma ,-,20,,,,,,,,
,,,,,221,12/05/2024,dream 11,-,13,,,,,,,,
,,,,,222,13/05/2024,recharge ,-,19,,,,,,,,
,,,,,223,13/05/2024,snacks +juice ,-,20,,,,,,,,
,,,,,224,14/05/2024,home to muthukadai to room,-,50,,,,,,,,
,,,,,225,13/05/2024,amma,-,20,,,,,,,,
,,,,,226,14/05/2024,spare,-,30,,,,,,,,
,,,,,227,14/05/2024,movie ,-,120,,,,,,,,
,,,,,228,15/05/2024,spare,-,20,,,,,,,,
,,,,,229,15/05/2024,ice+juice+fogg scent+valaka,-,284,,,,,,,,
,,,,,230,16/05/2024,spare,-,20,,,,,,,,
,,,,,231,16/05/2024,juice +supermarket +waterbottle ,-,128,,,,,,,,
,,,,,232,16/05/2024,revaluation ,-,400,,,,,,,,
,,,,,233,17/05/2024,kanchi to home + juice,-,88,,,,,,,,
,,,,,234,17/05/2024,mushroom +pannipoori,-,90,,,,,,,,
,,,,,235,18/05/2024,petrol + food,-,200,,,,,,,,
,,,,,236,18/05/2024,flower + bannana ,-,60,,,,,,,,
,,,,,237,19/05/2024,paper + pens,-,26,,,,,,,,
,,,,,238,19/05/2024,recharge ,-,14,,,,,,,,
,,,,,239,20/05/2024,home to muthukadai to room to clg,-,72,,,,,,,,
,,,,,240,20/05/2024,haircut ,-,100,,,,,,,,
,,,,,241,21/05/2024,spare,-,20,,,,,,,,
,,,,,242,21/05/2024,food,-,60,,,,,,,,
,,,,,243,22/05/2024,food,-,117,,,,,,,,
,,,,,244,22/05/2024,tea,-,10,,,,,,,,
,,,,,245,23/05/2024,mrng food + extra current bill,-,142,,,,,,,,
,,,,,246,23/05/2024,spare,-,10,,,,,,,,
,,,,,247,24/05/2024,spare,-,10,,,,,,,,
,,,,,248,24/05/2024,tea+coffee +pen,-,60,,,,,,,,
,,,,,249,24/05/2024,egg+snacks +juice +can+phonpe,-,99,,,,,,,,
,,,,,250,25/05/2024,mrng food,-,93,,,,,,,,
,,,,,251,25/05/2024,movie,-,120,,,,,,,,
,,,,,252,25/05/2024,food,-,150,,,,,,,,
,,,,,253,26/05/2024,vegetable +egg+juice ,-,120,,,,,,,,
,,,,,254,26/05/2024,juice +milk,-,42,,,,,,,,
,,,,,255,26/05/2024,recharge ,-,30,,,,,,,,
,,,,,256,27/05/2024,curd,-,10,,,,,,,,
,,,,,257,28/05/2024,spare,-,10,,,,,,,,
,,,,,258,28/05/2024,watercan,-,15,,,,,,,,
,,,,,259,29/05/2024,spare,-,10,,,,,,,,
,,,,,260,29/05/2024,juice +pen+chocolate ,-,96,,,,,,,,
,,,,,261,29/05/2024,Maggie +egg,-,52,,,,,,,,
,,,,,262,30/05/2024,food+tea+milk+bannana +tea powder,-,160,,,,,,,,
,,,,,263,31/05/2024,food+icecream ,-,180,,,,,,,,
,,,,,264,31/05/2024,sprite+appy+bannana +egg+tomato ,-,100,,,,,,,,
,,,,,265,01/06/2024,supermarket +waterbottle ,-,163,,,,,,,,
,,,,,266,01/06/2024,Xerox ,-,32,,,,,,,,
,,,,,267,01/06/2024,watercan,-,15,,,,,,,,
,,,,,268,03/06/2024,coco+egg+juice ,-,84,,,,,,,,
,,,,,267,04/06/2024,spare,-,10,,,,,,,,
,,,,,268,05/06/2024,spare,-,10,,,,,,,,
,,,,,269,05/06/2024,vegetable +tea+Kishore ,-,82,,,,,,,,
,,,,,270,06/06/2024,milk+tea&puggs + vegetable ,-,120,,,,,,,,
,,,,,271,06/06/2024,spare,-,10,,,,,,,,
,,,,,272,07/06/2024,Afternoon food,-,140,,,,,,,,
,,,,,273,07/06/2024,juice,-,50,,,,,,,,
,,,,,274,07/06/2024,egg+bannana +chips,-,46,,,,,,,,
,,,,,275,08/06/2024,room to Kanchipuram to arcot+coco,-,93,,,,,,,,
,,,,,276,08/06/2024,ice cream + home shop,-,125,,,,,,,,
,,,,,277,09/06/2024,chain+headband+bannana ,-,140,,,,,,,,
,,,,,278,10/06/2024,juice +snacks+Maggie,-,124,,,,,,,,
,,,,,279,11/06/2024,spare,-,20,,,,,,,,
,,,,,279,11/06/2024,soda+waterbottle +snacks ,-,60,,,,,,,,
,,,,,280,11/06/2024,room rent,-,1400,,,,,,,,
,,,,,281,12/06/2024,tea+waterbottle +watercan,-,47,,,,,,,,
,,,,,282,12/06/2024,new course ,-,25,,,,,,,,
,,,,,283,13/06/2024,bus spare marriage ,-,40,,,,,,,,
,,,,,284,13/06/2024,classic juice,-,55,,,,,,,,
,,,,,285,13/06/2024,pannipoori+bannana +tomato +egg,-,122,,,,,,,,
,,,,,286,14/06/2024,teatime +juice ,-,75,,,,,,,,
,,,,,287,14/06/2024,spare,-,30,,,,,,,,
,,,,,288,13-14/06/2024,record,-,115,,,,,,,,
,,,,,289,14/06/2024,farewell ,-,300,,,,,,,,
,,,,,290,15/06/2024,mrng food+centerfresh+nyt soda,-,52,,,,,,,,
,,,,,291,17/06/2024,tea+can,-,25,,,,,,,,
,,,,,292,17/06/2024,supermarket +spare,-,292,,,,,,,,
,,,,,293,18/06/2024,mrng food+clg spare+juice,-,110,,,,,,,,
,,,,,294,18/06/2024,kanchi to arcot to home,-,58,,,,,,,,
,,,,,295,20/06/2024,detergent +non-veg+petrol ,-,244,,,,,,,,
,,,,,296,21/06/2024,non-veg,-,70,,,,,,,,
,,,,,297,22/06/2024,snacks+non-veg,-,120,,,,,,,,
,,,,,298,25/06/2024,non-veg+bakery ,-,115,,,,,,,,
,,,,,299,26/06/2024,room water charge,-,50,,,,,,,,
,,,,,300,26/06/2024,book+wallposter,-,476,,,,,,,,
,,,,,301,27/06/2024,non-veg,-,70,,,,,,,,
,,,,,302,28/06/2024,non-veg,-,70,,,,,,,,
,,,,,303,29/06/2024,topup+recharge ,-,60,,,,,,,,
,,,,,304,30/06/2024,buds,-,5,,,,,,,,
,,,,,305,01/07/2024,puffs + snacks ,-,70,,,,,,,,
,,,,,306,02/07/2024,NM Fees,-,300,,,,,,,,
,,,,,307,03/07/2024,skincare,-,284,,,,,,,,
,,,,,308,03/07/2024,Recharge ,-,76,,,,,,,,
,,,,,309,05/07/2024,Ponnu store,-,83,,,,,,,,
,,,,,310,08/07/2027,Home to Arcot to Room,-,55,,,,,,,,
,,,,,311,08/07/2024,watercan,-,20,,,,,,,,
,,,,,312,09/07/2024,curd+salt+snack+milk,-,62,,,,,,,,
,,,,,313,10/07/2024,Pencil + sharpener + centerfresh + juice,-,33,,,,,,,,
,,,,,314,10/07/2024,spare,-,30,,,,,,,,
,,,,,315,10/07/2024,rent+motor charge,-,1300,,,,,,,,
,,,,,316,10/07/2024,vegetable ,-,25,,,,,,,,
,,,,,317,12/07/2024,spare,-,10,,,,,,,,
,,,,,318,12/07/2024,food,-,60,,,,,,,,
,,,,,319,12/07/2024,Goes to Scholarship Money ,-,400,,,,,,,,
,,,,,320,13/07/2024,Vegetable +curd+can,-,90,,,,,,,,
,,,,,321,14/07/2027,electricity bill,-,200,,,,,,,,
,,,,,322,14/07/2024,food,-,46,,,,,,,,
,,,,,323,15/07/2024,spare,-,30,,,,,,,,
,,,,,324,16/07/2024,food + Xerox ,-,111,,,,,,,,
,,,,,325,17/07/2024,food,-,46,,,,,,,,
,,,,,326,18/07/2024,spare + snacks+ dhanush ,-,98,,,,,,,,
,,,,,323,18/07/2024,vegetable +egg+can,-,70,,,,,,,,
,,,,,324,19/07/2024,food+ milk,-,104,,,,,,,,
,,,,,325,20/07/2024,spare,-,20,,,,,,,,
,,,,,326,20/07/2024,Zomato Gold+curd+egg+snacks ,-,70,,,,,,,,
,,,,,327,21/07/2024,food+chicken +masala,-,170,,,,,,,,
,,,,,328,22/04/2024,mrng food + AN food+ can ,-,158,,,,,,,,
,,,,,329,23/07/2024,spare + dhanush +coke+milk+curd+snack,-,74,,,,,,,,
,,,,,330,23/07/2024,kovil,-,80,,,,,,,,
,,,,,331,24/07/2024,Ganapathi Function ,-,100,,,,,,,,
,,,,,332,24/07/2024,chicken+curd+masala+egg+juice ,-,196,,,,,,,,
,,,,,333,25/07/2024,function spare+juice +can,-,140,,,,,,,,
,,,,,334,26/07/2024,room to busstop + again busstop to walaja to arcot,-,93,,,,,,,,
,,,,,335,26/07/2024,Arcot to thiruvalam  to arcot to home,-,51,,,,,,,,
,,,,,336,26/07/2024,food+ theatre +icecream +waterbottle ,-,337,,,,,,,,
,,,,,337,27/07/2024,busspare,-,40,,,,,,,,
,,,,,338,30/07/2024,snacks +recharge ,-,64,,,,,,,,
,,,,,339,31/07/2024,nivi's baby bday gift ,-,200,,,,,,,,
,,,,,340,31/07/2024,esi to muthukadai to clg to arcot,-,104,,,,,,,,
,,,,,341,31/07/2024,dbms record,-,85,,,,,,,,
,,,,,342,01/08/2024,malaimedu to muthukadai to clg ,-,55,,,,,,,,
,,,,,343,01/08/2024,water +juice +food order,-,128,,,,,,,,
,,,,,344,01/08/2024,imman,-,32,,,,,,,,
,,,,,345,02/08/2024,food+haircut+goodnight+roller+buds+juice,-,366,,,,,,,,
,,,,,346,02/08/2024,AN food +juice + maggie,-,160,,,,,,,,
,,,,,347,03/08/2024,spare,-,30,,,,,,,,
,,,,,348,03/08/2024,biscuit +juice ,-,50,,,,,,,,
,,,,,349,04/08/2024,food+recharge ,-,97,,,,,,,,
,,,,,350,05/08/2024,spare+curd,-,30,,,,,,,,
,,,,,351,06/08/2024,spare ,-,20,,,,,,,,
,,,,,352,06/08/2024,vegetable +can,-,62,,,,,,,,
,,,,,353,07/08/2024,rosemil+bun+detergent ,-,100,,,,,,,,
,,,,,354,07/08/2024,NM record + order,-,215,,,,,,,,
,,,,,355,08/08/2024,spare+dhanush.recharge,-,62,,,,,,,,
,,,,,356,09/08/2024,chicken +masala,-,125,,,,,,,,
,,,,,357,09/08/2024,masala +curd+powder+pepsi,-,110,,,,,,,,
,,,,,358,10/08/2024,rent,-,1250,,,,,,,,
,,,,,359,10/08/2024,order,-,190,,,,,,,,
,,,,,360,11/08/2024,egg+can+Bannana ,-,37,,,,,,,,
,,,,,361,12/08/2024,spare,-,20,,,,,,,,
,,,,,362,12/08/2024,tea+puff+vegetable ,-,145,,,,,,,,
,,,,,363,13/08/2024,mrng food +tea,-,42,,,,,,,,
,,,,,364,14/08/2024,clg spare + tea+home spare,-,148,,,,,,,,
,,,,,365,16/08/2024,home to railway + mrng food +bank,-,149,,,,,,,,
,,,,,366,16/08/2024,Chennai Computer spare + Metro,-,115,,,,,,,,
,,,,,377,16/08/2024,AN food + richtie street +central spare,-,171,,,,,,,,
,,,,,378,17/06/2024,ration + snacks ,-,80,,,,,,,,
,,,,,379,18/08/2024,Laptop skin + juice ,-,170,,,,,,,,
,,,,,380,18/08/2024,home to Arcot to room+juice ,-,72,,,,,,,,
,,,,,381,19/08/2024,spare + tea+ panni poori+can,-,85,,,,,,,,
,,,,,382,20/08/2024,tea + spare + milk+egg,-,94,,,,,,,,
,,,,,383,21/08/2024,spare+supermarket +panni pori,-,333,,,,,,,,
,,,,,384,22/08/2024,spare+can+juice ,-,65,,,,,,,,
,,,,,385,23/08/2024,egg+spare+juice +note,-,72,,,,,,,,
,,,,,386,23/08/2024,room to busstop to arcot to home,-,72,,,,,,,,
,,,,,387,24/08/2024,juice + chicken ,-,130,,,,,,,,
,,,,,388,25/08/2024,recharge ,-,50,,,,,,,,
,,,,,389,26/08/0202,recharge ,-,19,,,,,,,,
,,,,,390,27/08/2024,Home to Arcot to room,-,53,,,,,,,,
,,,,,391,28/08/2024,spare+tea,-,105,,,,,,,,
,,,,,392,29/08/2029,mrng+an food+spare +tea+food,-,115,,,,,,,,
,,,,,393,30/08/2024,spare+juice +tea,-,63,,,,,,,,
,,,,,394,31/08/2024,food,-,50,,,,,,,,
,,,,,394,01/09/2024,vegetable +curd+banana ,-,45,,,,,,,,
,,,,,395,02/09/2024,spare +tea +revaluation ,-,35,,,,,,,,
,,,,,396,03/09/2024,spare+juice ,-,50,,,,,,,,
,,,,,397,04/09/2024,food + water+spare ,-,50,,,,,,,,
,,,,,398,05/09/2024,juice ,-,20,,,,,,,,
,,,,,399,06/09/2024,room to home + juice,-,63,,,,,,,,
,,,,,400,09/09/2024,home to clg +spare+food +can+egg,-,177,,,,,,,,
,,,,,401,10/09/2024,spare+ food +room to home+chicken ,-,244,,,,,,,,
,,,,,402,11/09/2024,rent,-,1250,,,,,,,,
,,,,,402,11/09/2024,home to clg to room + vegetable ,-,105,,,,,,,,
,,,,,403,12/09/2024,mrng food+spare+egg+salt+electricity ,-,359,,,,,,,,
,,,,,404,13/09/2024,spare+rice+bakery,-,135,,,,,,,,
,,,,,405,14/09/2024,room to home + juice+chicken ,-,218,,,,,,,,
,,,,,406,15/09/2024,petrol+donate +parking +unknown ,-,200,,,,,,,,
,,,,,407,16/09/2024,home to Arcot to room,-,57,,,,,,,,
,,,,,408,16/09/2024,egg+banana+juice +can,-,49,,,,,,,,
,,,,,409,18/09/2024,haircut + juice +spare+unknown ,-,222,,,,,,,,
,,,,,410,19/09/2024,can+spare+biscuit +banana +juice,-,80,,,,,,,,
,,,,,411,21/09/2024,spare,-,10,,,,,,,,
,,,,,412,21/09/2024,AN food,-,120,,,,,,,,
,,,,,413,23/09/2024,spare + food+ panni poori ,-,20,,,,,,,,
,,,,,414,23/09/2024,IV amount  + recharge ,-,950,,,,,,,,
,,,,,415,24/09/2024,spare + tea+biscuit +can+snacks ,-,84,,,,,,,,
,,,,,416,25/09/2024,spare +snacks ,-,56,,,,,,,,
,,,,,417,26/09/2024,spare+vegetable ,-,70,,,,,,,,
,,,,,418,27/09/2024,spare+juice ,-,50,,,,,,,,
,,,,,419,28/09/2024,spare+food+snacks+juice ,-,140,,,,,,,,
,,,,,420,29/09/2024,room to home + chocolate ,-,110,,,,,,,,
,,,,,421,30/09/2024,mrng snacks+an food+park tickets +observe snack+water bottle ,-,488,,,,,,,,
,,,,,422,01/10/2024,Mrng food +AN food +petrol+chicken+juice,-,240,,,,,,,,
,,,,,423,02/10/2024,AN food + screw driver+ snacks ,-,115,,,,,,,,
,,,,,424,02/10/2024,home to Arcot to walaja to toll to room,-,73,,,,,,,,
,,,,,425,03/10/2024,Spare+food+canteen+teatime+note,-,170,,,,,,,,
,,,,,426,04/10/2024,spare+room to kpm to arcot to home,-,97,,,,,,,,
,,,,,427,04/10/0204,juice + snacks +chicken ,-,85,,,,,,,,
,,,,,428,05/10/2024,snacks +sidd,-,40,,,,,,,,
,,,,,429,06/10/2024,Recharge ,-,19,,,,,,,,
,,,,,430,07/10/2024,Home to Arcot to Room spare + snacks,-,171,,,,,,,,
,,,,,431,08/10/2025,food + can +snacks,-,130,,,,,,,,
,,,,,432,09/10/2024,spare + tea + juice,-,95,,,,,,,,
,,,,,433,10/10/2024,sugan + dinner,-,287,,,,,,,,
,,,,,434,11/10/2021,food+rent,-,1338,,,,,,,,
,,,,,435,12/10/2024,room to arcot to home+samosa+donate ,-,97,,,,,,,,
,,,,,436,12/10/2024,pannipoori+ recharge ,-,80,,,,,,,,
,,,,,437,13/10/2024,home to Arcot to room ,-,60,,,,,,,,
,,,,,438,13/10/2024,Supermarket + dinner ,-,188,,,,,,,,
,,,,,439,14/10/2024,cycle stand + spare + dinner,-,155,,,,,,,,
,,,,,440,15/10/2024,can + egg+tomato ,-,57,,,,,,,,
,,,,,441,16/10/2024,vegetable ,-,13,,,,,,,,
,,,,,442,17/10/2024,spare + an food,-,145,,,,,,,,
,,,,,443,18/10/2024,spare+bakery +topup,-,137,,,,,,,,
,,,,,444,19/10/2024,spare+ supermarket ,-,133,,,,,,,,
,,,,,445,19/10/2024,chiken +can +vegetable +juice,-,344,,,,,,,,
,,,,,446,21/10/2024,spare + bread +recharge ,-,414,,,,,,,,
,,,,,447,22/10/2024,spare + symposium +tea+soda,-,561,,,,,,,,
,,,,,448,23/10/2024,tea  + food,-,80,,,,,,,,
,,,,,449,24/10/2024,tea time ,-,68,,,,,,,,
,,,,,450,25/10/2024,food + milk,-,40,,,,,,,,
,,,,,451,26/10/2024,can+detergent +soap,-,55,,,,,,,,
,,,,,452,26/10/2024,pen + dinner+auto,-,310,,,,,,,,
,,,,,453,27/10/2024,note +pen,-,35,,,,,,,,
,,,,,454,28/10/2024,spare+juice+bannana+vegetable ,-,125,,,,,,,,
,,,,,455,29/10/2024,spare+bannana+milk,-,60,,,,,,,,
,,,,,456,29/10/2024,room to kpm to arcot to esi,-,73,,,,,,,,
,,,,,457,2/11/2024,Recharge (janani),-,26,,,,,,,,
,,,,,458,3/11/2024,Home to Arcot to kpm + milk,-,68,,,,,,,,
,,,,,459,04/11/2024,Spare+xerox,-,40,,,,,,,,
,,,,,460,05/11/2024,Order ,-,88,,,,,,,,
,,,,,461,06/11/2023,spare+haircut+tea+milk+donate,-,285,,,,,,,,
,,,,,462,07/11/2024,spare,-,20,,,,,,,,
,,,,,463,08/11/2024,spare+tea+can,-,70,,,,,,,,
,,,,,464,09/11/2024,coffee + pen + dinner,-,85,,,,,,,,
,,,,,465,10/11/2024,Rent + Electricity ,-,1485,,,,,,,,
,,,,,466,10/11/2024,Tea + Vishwa Bday,-,100,,,,,,,,
,,,,,467,10/11/2024,shorts ,-,190,,,,,,,,
,,,,,468,11/11/2024,spare + food+juice,-,115,,,,,,,,
,,,,,469,12/11/2024,spare+tea+panni poori,-,100,,,,,,,,
,,,,,470,13/11/2024,spare+tea,-,40,,,,,,,,
,,,,,472,14/11/2024,spare + supermarket + soup +bakery,-,335,,,,,,,,
,,,,,473,15/11/2024,spare + food +juice+night food,-,100,,,,,,,,
,,,,,474,16/11/2024,spare + record + food +tea,-,190,,,,,,,,
,,,,,475,17/11/2024,Food+biscuit ,-,160,,,,,,,,
,,,,,476,18/11/2024,Spare + Tea + Grocery  + Recharge ,-,480,,,,,,,,
,,,,,477,19/11/2024,spare + vegetable + snacks,-,114,,,,,,,,
,,,,,478,20/11/2024,spare +tea + bakery + Maggie+egg,-,121,,,,,,,,
,,,,,479,21/11/2024,spare + paratto +juice & snacks ,-,60,,,,,,,,
,,,,,480,22/11/2024,spare+bakery+canteen +tea,-,117,,,,,,,,
,,,,,481,22/11/2024,Kpm to Arcot to home,-,68,,,,,,,,
,,,,,482,23/11/2024,FF topup,-,29,,,,,,,,
,,,,,483,24/11/2024,Bakery + topup+recharge ,-,106,,,,,,,,
,,,,,484,25/11/2024,Bakery + recharge ,-,84,,,,,,,,
,,,,,485,26/11/2024,Recharge ,-,87,,,,,,,,
,,,,,486,28/11/2024,Mng bus+train ticket+donate +somasa,-,83,,,,,,,,
,,,,,487,28/11/2024,Mrng Food + Tirumala Ticket +snacks,-,270,,,,,,,,
,,,,,488,28/11/2024,mbl ticket + Nyt food + hundi + laddoo,-,196,,,,,,,,
,,,,,489,29/11/2024,Mrng Food +photo + frame + shopping,-,1010,,,,,,,,
,,,,,490,29/11/2024,AN food+Train ticket+Bus tickets+kishore,-,240,,,,,,,,
,,,,,491,29/11/2024,kishore balance + unknown ,-,80,,,,,,,,
,,,,,492,01/12/2024,vellam +masala home to Arcot to room,:,120,,,,,,,,
,,,,,493,02/12/2024,uiux record+Cn record+spare+food+tea,-,366,,,,,,,,
,,,,,494,03/12/2024,spare+biscuit+ponnipoori+bannana+food,-,187,,,,,,,,
,,,,,495,04/12/2024,spare +can + food,-,160,,,,,,,,
,,,,,496,05/12/2024,spare+Bakery+buji+masala+pillow+chicken ,-,170,,,,,,,,
,,,,,497,06/12/2024,gift(frame+wrapping),-,900,,,,,,,,
,,,,,498,07/12/2024,room to busstand+juice+biscuit+gift cover,-,150,,,,,,,,
,,,,,499,07/12/2024,exam fees + redeem + manavalan return ,-,2160,,,,,,,,
,,,,,500,08/12/2024,spare +Bakery +tablet +vegetable+curd ,-,155,,,,,,,,
,,,,,501,09/12/2024,Xerox+tea+rice+tea,-,162,,,,,,,,
,,,,,502,10/12/2024,Rent+thailam+roomtohome+juice+chicken ,-,1405,,,,,,,,
,,,,,503,11/12/2024,Chicken+beaf,-,90,,,,,,,,
,,,,,504,12/12/2024,Recharge ,-,29,,,,,,,,
,,,,,505,14/12/2024,Ticket+petrol+Tea+AN food+Bakery+ice,-,194,,,,,,,,
,,,,,506,14/12/2024,v2ku lamp oil,-,98,,,,,,,,
,,,,,507,15/12/2024,chicken ,-,70,,,,,,,,
,,,,,508,17/12/2024,Recharge +Bakery,-,125,,,,,,,,
,,,,,509,18/12/2024,bakery +recharge ,-,79,,,,,,,,
,,,,,510,20/12/2024,WALAJA toll to clg to room+dinner,-,100,,,,,,,,
,,,,,511,21/12/2024,spare+falooda ,-,140,,,,,,,,
,,,,,512,22/12/2024,chicken + snacks + egg +curd+juice+coil,-,211,,,,,,,,
,,,,,513,23/12/2024,can+mrng+nytfood+milk+egg+biscuit+tea,-,172,,,,,,,,
,,,,,514,24/12/2024,Chicken+masala+vegetable+tea,-,130,,,,,,,,
,,,,,515,24/12/2024,cake + mukilan +prakash +tea,-,130,,,,,,,,
,,,,,516,25/12/2024,snacks+curd+bannana ,-,69,,,,,,,,
,,,,,517,26/12/2024,spare+bakery+kfc+outgoing ,-,362,,,,,,,,
,,,,,518,27/12/2024,juice+room to kpm to arcot to home,-,116,,,,,,,,
,,,,,519,28/12/2024,harddiskcase+dhanush+topup+chiken,-,373,,,,,,,,
,,,,,520,29/12/2024,Recharge ,-,0,,,,,,,,
,,,,,521,30/12/2024,Bakery+joshua scammed,-,-31,,,,,,,,
,,,,,522,31/12/2024,recharge ,-,11,,,,,,,,
,,,,,523,1/1/2025,curd+fevicol +snacks,-,27,,,,,,,,
,,,,,524,2/1/2025,snacks+recharge +lapdue,-,7975,,,,,,,,
,,,,,525,3/1/2025,home to Arcot to room to clg+cake,-,179,,,,,,,,
,,,,,526,3/1/2025,room to kpm to arcot to home,,,,,,,,,,
,,,,,527,4/1/2025,gokul train + curd+juice+recharge ,-,-12,,,,,,,,
,,,,,528,5/1/2025,juice+flower,-,50,,,,,,,,
,,,,,529,6/1/2025,muuchstac facewash,-,298,,,,,,,,
,,,,,530,7/1/2025,recharge +snacks,-,84,,,,,,,,
,,,,,531,8/1/2025,bakery +recharge ,-,94,,,,,,,,
,,,,,532,10/1/2025,Room rent,-,1250,,,,,,,,
,,,,,533,13/1/2025.,electricity+motor bill + (Pooja things),-,219,,,,,,,,
,,,,,534,13/1/2025,petrol +tea,-,34,,,,,,,,
,,,,,535,14/1/2025,curd,-,12,,,,,,,,
,,,,,536,15/1/2025,Recharge ,-,350,,,,,,,,
,,,,,537,20/1/2024,muthukadai to WALAJA to room to clg,-,306,,,,,,,,
,,,,,538,20/1/2024,tea+spare+haircut+food,,,,,,,,,,
,,,,,539,21/1/2025,milk+tea powder +mosquito killer,-,31,,,,,,,,
,,,,,540,22/01/2025,food+juice+milk,-,145,,,,,,,,
,,,,,541,23/01/2025,spare + bakery +food +bannana ,-,148,,,,,,,,
,,,,,542,24/1/2025,bakery+masala+milk,-,80,,,,,,,,
,,,,,543,25/1/2025,"food,room to kpm to arcot to home,water",-,134,,,,,,,,
,,,,,544,01/02/2025,chicken +beaf,-,90,,,,,,,,
,,,,,545,02/02/2024,Petrol +Recharge ,-,121,,,,,,,,
,,,,,546,03/02/2025,Recharge ,-,69,,,,,,,,
,,,,,547,07/02/2025,Recharge ,-,29,,,,,,,,
,,,,,548,08/02/2025,Panni poori + beef,-,75,,,,,,,,
,,,,,549,9/2/2025,Cement ,-,80,,,,,,,,
,,,,,550,10/2/2025,Room Rent+anni scan tip,-,1270,,,,,,,,
,,,,,550,12/2/2025,Recharge +beef+panni poori+recharge ,-,179,,,,,,,,
,,,,,551,13/2/2025,recharge +scammed,-,129,,,,,,,,
,,,,,552,15/02/2025,beef,-,55,,,,,,,,
,,,,,553,16/2/2025,feviki,-,10,,,,,,,,
,,,,,554,17/2/2025,home to Arcot to bypass to room,-,71,,,,,,,,
,,,,,555,17/2/2025,juice +mosquito ,-,27,,,,,,,,
,,,,,556,18/2/2025,spare+bakery + water,-,95,,,,,,,,
,,,,,557,19/2/2025,icecream + water bottle +donation,-,170,,,,,,,,
,,,,,558,19/2/2025,room to kpm to arcot to home+unknown ,-,121,,,,,,,,
,,,,,559,20/2/2025,petrol +juice +chicken ,-,60,,,,,,,,
,,,,,560,21/2/2025,spare+juice +ticket +tea+snacks,-,264,,,,,,,,
,,,,,561,22/2/2025,kalan + mosquito hunt + juice ,-,70,,,,,,,,
,,,,,562,23/2/2025,tea+nptel,-,1033,,,,,,,,
,,,,,563,24/2/2025,note+spare+xerox+licence half amount ,-,3079,,,,,,,,
,,,,,564,25/2/2025,spare+water+ff,-,69,,,,,,,,
,,,,,565,26/2/2025,spare+food+note,-,60,,,,,,,,
,,,,,566,27/2/2025,canteen +tea+spare+order,-,144,,,,,,,,
,,,,,567,28/2/2025,spare+food,-,64,,,,,,,,
,,,,,568,1/3/2025,food,-,99,,,,,,,,
,,,,,569,2/3/2025,food+snacks+auto,-,215,,,,,,,,
,,,,,570,2/3/2025,Kpm to Madurai to rmd to clg,-,565,,,,,,,,
,,,,,571,3/3/2025,,,,,,,,,,,
,,,,,572,,tea+teatime(breakfast)+bus+rice+bakery,-,311,,,,,,,,
,,,,,573,,shop for frd+tea+water,,,,,,,,,,
,,,,,574,4/3/2025,chgpattu to kpm to auto+spare+snacks+fee,-,105,,,,,,,,
,,,,,575,5/3/2025,spare + food+snacks ,-,145,,,,,,,,
,,,,,576,6/3/2025,spare+baji,-,70,,,,,,,,
,,,,,577,7/3/2025,spare+order+juice ,-,114,,,,,,,,
,,,,,588,8/3/2025,Spare+juice,-,40,,,,,,,,
,,,,,589,09/03/2025,kpm to arcot to home +Detergent ,-,83,,,,,,,,
,,,,,590,10/3/2025,petrol,-,210,,,,,,,,
,,,,,591,11/3/2025,Driver fee + Food + milk+bannana +puffs,-,415,,,,,,,,
,,,,,592,12/3/2025,Ice+food+rent,-,1295,,,,,,,,
,,,,,593,13/3/2025,food+petrol+watermelon+recharge ,-,520,,,,,,,,
,,,,,594,14/3/2025,watermelon ,-,20,,,,,,,,
,,,,,595,15/3/2025,coffee +petrol +water+pannipoori+sprmrk,-,450,,,,,,,,
,,,,,596,16/3/2025,haircut +juice +milk+egg,-,190,,,,,,,,
,,,,,597,17/3/2025,bakery+juice+food+watermelon+petrol,-,219,,,,,,,,
,,,,,598,18/3/2025,food+milk+bannana ,-,82,,,,,,,,
,,,,,599,19/3/2025,snacks + food,-,80,,,,,,,,
,,,,,600,20/3/2025,puff+Petrol,-,140,,,,,,,,
,,,,,601,20/3/2025,jersey + short + bannana +water+food,-,764,,,,,,,,
,,,,,602,21/3/2025,tea+chicken +masala+milk+can+juice,-,190,,,,,,,,
,,,,,603,22/3/2025,swimming pool+food+petrol+food,-,288,,,,,,,,
,,,,,604,23/3/2025,dream11 + chicken+masala,-,119,,,,,,,,
,,,,,605,25/3/2025,food(25)+food(75)+bakery(50),-,168,,,,,,,,
,,,,,606,25/3/2025,Electricity ,-,195,,,,,,,,
,,,,,607,26/3/2025,juice+tea+snacks +cell+petrol ,-,173,,,,,,,,
,,,,,608,26/3/2025,purple +recharge +icecream ,-,113,,,,,,,,
,,,,,609,27/3/2025,cloud ,-,2,,,,,,,,
,,,,,610,28/3/2025,food+order+my11,-,191,,,,,,,,
,,,,,611,29/3/2025,recharge ,-,3,,,,,,,,
,,,,,612,29/3/2025,Emi,-,7881,,,,,,,,
,,,,,613,1/4/2025,home to Arcot to kpm +petrol + tea,-,204,,,,,,,,
,,,,,614,1/4/2025,snacks+Licence Remaining Amount ,-,3020,,,,,,,,
,,,,,615,2/4/2025,food+icecream +food,-,180,,,,,,,,
,,,,,616,3/4/2025,petrol+food+pannipoori+coffee ,-,230,,,,,,,,
,,,,,617,4/4/2025,atm charge + tea + chips,-,394,,,,,,,,
,,,,,618,5/4/2025,food+Tire patch + food + purple ,-,304,,,,,,,,
,,,,,619,7/4/2025,Mrng food + An food+bakery +food,-,202,,,,,,,,
,,,,,620,8/4/2025,juice +chips +Petrol + photo,-,220,,,,,,,,
,,,,,621,9/4/2025,driving fee + duplicate licence + food,-,355,,,,,,,,
,,,,,622,10/4/2025,Food + petrol + watermelon +chicken ,-,350,,,,,,,,
,,,,,623,11/4/2025,bakery + recharge ,-,131,,,,,,,,
,,,,,624,12/4/2025,rent,-,1250,,,,,,,,
,,,,,625,13/4/2025,phone repair +clean kit+temper+petrol,-,1010,,,,,,,,
,,,,,626,13/4/2025,tea+food+bannana +watermelon +juice,-,270,,,,,,,,
,,,,,627,15/4/2025,Lalapet to arcot to kpm +juice ,-,77,,,,,,,,
,,,,,628,15/4/2025,room to busstand to arcot to home,-,77,,,,,,,,
,,,,,629,16/4/2025,Recharge + appa,-,130,,,,,,,,
,,,,,630,17/4/2055,beef+pannipoori ,-,89,,,,,,,,
,,,,,631,18/4/2025,kalan +beef + recharge ,-,229,,,,,,,,
,,,,,632,20/4/2025,home to Arcot to room ,-,57,,,,,,,,
,,,,,633,20/4/2025, juice +Bannana + water +mosquito hunt,-,40,,,,,,,,
,,,,,634,21/4/2025,milk + bannana +spare+ can,-,110,,,,,,,,
,,,,,635,21/4/2025,fan repair + vegetable + dosa maavu,-,286,,,,,,,,
,,,,,636,22/4/2025,Spare + Egg + juice + milk + hotstar,-,96,,,,,,,,
,,,,,637,23/4/2025,spare,-,20,,,,,,,,
,,,,,638,24/4/2025,spare+Spotify +juice +milk+vegetable ,-,203,,,,,,,,
,,,,,639,25/4/2025,spare+juice +bannana +applam+food,-,191,,,,,,,,
,,,,,640,26/4/2025,room to kpm to bike +petrol + to kpm ,-,130,,,,,,,,
,,,,,641,26/4/2025,juice + water+food,-,217,,,,,,,,
,,,,,642,27/4/2025,rice + bannana +detergent ,-,94,,,,,,,,
,,,,,643,27/4/2025,haircut +bannana +watermelon +milk,-,248,,,,,,,,
,,,,,644,28/4/2025,spare +printout,-,60,,,,,,,,
,,,,,645,29/4/2025,Spare+bakery +food+juice ,-,215,,,,,,,,
,,,,,646,30/4/2055,spare + food+can+bannana +juice,-,155,,,,,,,,
,,,,,647,1/5/2055,chicken + vegetable +milk+masala,-,187,,,,,,,,
,,,,,648,2/5/2025,spare + movie ticket + bakery + tamilavan,-,80,,,,,,,,
,,,,,649,3/5/2025,Tiffin + Lunch+juice,-,255,,,,,,,,
,,,,,650,4/5/2025,Tiffin+fan+wire+curd+snacks+bannana ,-,157,,,,,,,,
,,,,,651,5/5/2025,spare + teatime +bakery+mukilan+juice,-,110,,,,,,,,
,,,,,652,6/5/2025,spare + watermelon + kalan+recharge ,-,184,,,,,,,,
,,,,,653,7/5/2025,spare + teatime+ food+juice,-,196,,,,,,,,
,,,,,654,8/5/2025,food + bannana +milk,-,127,,,,,,,,
,,,,,655,9/5/2025,spare + vadai + teatime + food + juice,-,152,,,,,,,,
,,,,,656,9/5/2025,room to kpm to arcot to nivi,-,74,,,,,,,,
,,,,,657,10/5/2025,nivi home to home + movie,-,392,,,,,,,,
,,,,,658,11/5/2025,rent,-,1250,,,,,,,,
,,,,,659,12/5/2025,arcot to room + teatime +recharge +food,-,287,,,,,,,,
,,,,,660,13/5/2025,juice+milk,-,50,,,,,,,,
,,,,,661,14/5/2025,spare+food+bakery+kerchief+melon+kalan,-,224,,,,,,,,
,,,,,662,15/5/2025,spare + juice +bannana ,-,75,,,,,,,,
,,,,,663,16/5/2025,spare + vegetable ,-,65,,,,,,,,
,,,,,664,17/5/2025,pencil + pen,-,15,,,,,,,,
,,,,,665,18/5/2025,chicken+vegetable+egg+Maggi+appalam,-,160,,,,,,,,
,,,,,666,18/5/2025,juice+bannana+milk,-,47,,,,,,,,
,,,,,667,19/5/2025,spare + can + vadai + vegetable +juice ,-,108,,,,,,,,
,,,,,668,20/5/2025,spare + snacks ,-,88,,,,,,,,
,,,,,669,21/5/2025,spare + clg to arcot to esi + juice +vesti,-,392,,,,,,,,
,,,,,670,22/5/2025,home to toll gate to kpm+scent+earings+choci,-,223,,,,,,,,
,,,,,671,23/5/2025,spare + food+ dinner,-,232,,,,,,,,
,,,,,672,24/5/2025,FF topup + spare + food + juice ,-,250,,,,,,,,
,,,,,673,25/5/2025,milk+bannana +juice +food+spare,-,125,,,,,,,,
,,,,,674,26/5/2025,turf + juice + spare + record + order,-,307,,,,,,,,
,,,,,675,27/5/2025,spare+record +sticky notes + recharge ,-,386,,,,,,,,
,,,,,676,28/5/2025,spare+juice+snacks+bun,-,170,,,,,,,,
,,,,,677,29/5/2025,food,-,145,,,,,,,,
,,,,,678,30/5/2025,milk+bannana+rapido+chicken+juice,-,135,,,,,,,,
,,,,,679,30/5/2025,exam fees,-,2100,,,,,,,,
,,,,,680,31/5/2025,spare+pizza+juice+food+juice+milk,-,239,,,,,,,,
,,,,,681,1/6/2025,food + parotta + milk,-,129,,,,,,,,
,,,,,682,2/6/2025,spare+can+snacks+tea+puffs,-,196,,,,,,,,
,,,,,683,3/6/2025,curd+milk +snacks ,-,50,,,,,,,,
,,,,,684,4/6/2025,mukilan + juice,-,80,,,,,,,,
,,,,,685,5/6/2025,New House Advance ,-,5000,,,,,,,,
,,,,,686,5/6/2025,food+macoroni+samiya+milk+ketchup+snacks ,-,199,,,,,,,,
,,,,,687,6/6/2025,spare+scale+juice+can+maavu+domino ,-,327,,,,,,,,
,,,,,688,7/6/2025,tea + kulfi,-,62,,,,,,,,
,,,,,689,8/6/2025,food+snacks +milk+bannana +order,-,279,,,,,,,,
,,,,,690,9/6/2025,supermarket+juice+spare+betnovate cream,-,338,,,,,,,,
,,,,,691,10/6/2025,order+snacks+Rent from advance ,-,1454,,,,,,,,
,,,,,692,11/6/2025,spare+juice+milk+bannana ,-,101,,,,,,,,
,,,,,693,12/6/2025,curd+milk +snacks+pen,-,104,,,,,,,,
,,,,,694,13/6/2025,spare + juice + bakery+juice ,-,145,,,,,,,,
,,,,,695,14/6/2025,oil+snacks+curd+order,-,293,,,,,,,,
,,,,,696,15/6/2025,vegetables+tea+panni poori+milk+water,-,162,,,,,,,,
,,,,,697,16/6/2025,karpuram+auto+clean things+food+juicesnack,-,469,,,,,,,,
,,,,,698,17/6/2025,"juice,cake + spare + bakery+juice",-,174,,,,,,,,
,,,,,699,17/6/2025,room to kpm to arcot to home,-,97,,,,,,,,
,,,,,700,20/6/2025,panni poori + beef,-,100,,,,,,,,
,,,,,701,21/6/2025,panni poori +beef+bakery +Recharge+Juice,-,332,,,,,,,,
,,,,,702,22/6/2025,home to Arcot to bypass to kpm+juice+snack,-,190,,,,,,,,
,,,,,703,23/6/2025,spare + FF ,-,84,,,,,,,,
,,,,,704,24/6/2025,food + water + snacks+earphone+juice,-,238,,,,,,,,
,,,,,705,24/6/2025,room to kpm to arcot to home+kishore ,-,98,,,,,,,,
,,,,,706,25/6/2025,recharge ,-,11,,,,,,,,
,,,,,707,26/6/2025,juice+kavitha ,-,51,,,,,,,,
,,,,,708,27/6/2025,petrol+things+flower+food+juice +grocery ,-,705,,,,,,,,
,,,,,709,28/6/2025,juice,-,50,,,,,,,,
,,,,,710,29/6/2025,panni poori + recharge ,-,104,,,,,,,,
,,,,,711,30/6/2025,bakery + recharge ,-,104,,,,,,,,
,,,,,712,2/7/2025,recharge +food,-,99,,,,,,,,
,,,,,713,2/7/2025,beef + panni poori ,-,100,,,,,,,,
,,,,,714,3/7/2025,Recharge ,-,29,,,,,,,,
,,,,,715,4/7/2025,kishore ,-,20,,,,,,,,
,,,,,716,5/7/2025,bakery + chicken ,-,150,,,,,,,,
,,,,,717,6/7/2025,Recharge ,-,33,,,,,,,,
,,,,,718,8/7/2025,Recharge + baji,-,68,,,,,,,,
,,,,,719,9/7/2025,central-thiruvi-Koyambedu-arcot-home,-,213,,,,,,,,
,,,,,720,9/7/2025,water +restroom+ brownie + water,-,200,,,,,,,,
,,,,,721,12/7/2025,Recharge + parking +petrol+briyani ,-,49,,,,,,,,
,,,,,722,15/7/2025,Recharge ,-,29,,,,,,,,
,,,,,723,17/7/2025,Top-up + Bajji+ petrol(18/7),-,185,,,,,,,,
,,,,,724,19/7/2025,beef ,-,120,,,,,,,,
,,,,,725,22/7/2058,Recharge + topup,-,90,,,,,,,,
,,,,,726,23/7/2025,Recharge ,-,19,,,,,,,,
,,,,,727,24/7/2025,kavitha ,-,30,,,,,,,,
,,,,,728,25/7/2025,Recharge ,-,29,,,,,,,,
,,,,,729,26/7/2058,kavitha + buji,-,40,,,,,,,,
,,,,,730,28/7/2025,beef + panni poori,-,100,,,,,,,,
,,,,,731,29/7/2025,chicken ,-,50,,,,,,,,
,,,,,732,30/7/2025,chain + earpiece + panni poori,-,175,,,,,,,,
,,,,,733,31/7/2025,thirumyllai to Velachery  + rapido(mall) ,-,85,,,,,,,,
,,,,,734,,Domino's + donation + Snacks,,278,,,,,,,,
,,,,,735,,Chn to Arakkonam+ Recharge + Chiken,,219,,,,,,,,
,,,,,736,1/8/2025,7th Sem Fees,-,15000,,,,,,,,
,,,,,737,1/8/2025,cylinder extra amount ,-,-50,,,,,,,,
,,,,,738,2/8/2025,beef + chicken ,-,100,,,,,,,,
,,,,,739,3/8/2025,arcot to kpm + tea(+biscuit ) + water + sugar ,-,110,,,,,,,,
,,,,,740,4/8/2025,Spare + Tea + snacks + water +milk+dinner,-,155,,,,,,,,
,,,,,741,5/8/2025,Tea+Xerox+juice+supermarket+can+dinner,-,404,,,,,,,,
,,,,,742,6/8/2025,Bakery+spare + notes + food + Recharge ,-,1158,,,,,,,,
,,,,,743,7/8/2025,Rent amount + haircut + juice+room to home,-,3642,,,,,,,,
,,,,,744,8/8/2025,epes + juice + tamilvanan(apple juice ),-,300,,,,,,,,
,,,,,745,9/8/2025,Coursera ,-,498,,,,,,,,
,,,,,746,10/8/2025,arcot to kpm + electric things + salt ,-,191,,,,,,,,
,,,,,747,11/8/2025,Canteen+bakery+supermarket +outing +can,-,501,,,,,,,,
,,,,,748,12/8/2025,jio saavan pro,-,9,,,,,,,,
,,,,,749,13/8/2025,canteen + bakery + chicken ,-,87,,,,,,,,
,,,,,750,14/8/2025,spare + canteen + rice,-,116,,,,,,,,
,,,,,751,15/8/2025,vegetable + room to home + poo,-,153,,,,,,,,
,,,,,752,17/8/2025,pes,-,50,,,,,,,,
,,,,,753,18/8/2025,home to clg + Tea + vegetables + plug,-,129,,,,,,,,
,,,,,754,19/8/2025,Bakery + codealpha + petrol + movie,-,399,,,,,,,,
,,,,,755,21/8/2025,chicken + egg,-,79,,,,,,,,
,,,,,756,22/8/2025,canteen + order + juice + can+ laptop sleeve ,-,317,,,,,,,,
,,,,,757,23/8/2025,canteen + bakery + juice +egg+milk,-,118,,,,,,,,
,,,,,758,24/8/2025,biscuit + chicken + masala + Rice + vegetable ,-,115,,,,,,,,
,,,,,759,25/8/2025,Canteen + Bakery + Dairy Milk + tea +kalan,-,257,,,,,,,,
,,,,,760,26/8/2025,Maggie + egg + vegetable +food+can+topup,-,225,,,,,,,,
,,,,,761,30/8/2025,"Kpm to Vellore,cmc, vellore to kpm,snacks, earphone ",-,480,,,,,,,,
,,,,,762,31/8/2025,can + rosemilk + petrol,-,160,,,,,,,,
,,,,,763,1/9/2025,canteen + bakery + dinner,-,104,,,,,,,,
,,,,,764,2/9/2025,tea time + vegetables + milk + Bannana ,-,115,,,,,,,,
,,,,,765,3/9/2025,"tea,juice +dinner ",-,160,,,,,,,,
,,,,,766,4/9/2025,petrol + kpm to Vellore +Dhanaya+vellore to home,-,250,,,,,,,,
,,,,,767,5/9/2025,beef+ sms charge,-,138,,,,,,,,
,,,,,768,6/9/2025,Recharge  + certificate ,-,1011,,,,,,,,
,,,,,769,8/9/2025,Home to Muthukadai to walaja to clg ,-,56,,,,,,,,
,,,,,770,9/9/2025,Mrng Food +bakery +juice ,-,137,,,,,,,,
,,,,,771,10/9/2025,bakery + petrol,-,78,,,,,,,,
,,,,,772,11/9/2025,Rent,-,2650,,,,,,,,
,,,,,773,11/9/2025,Food + xerox ,-,70,,,,,,,,
,,,,,774,12/9/2025,Bannana + dosa maavu +milk ,-,74,,,,,,,,
,,,,,775,13/9/2025,sugar +tea +petrol + kpm to arcot to home + beef,-,263,,,,,,,,
,,,,,776,15/9/2025,Petrol + parking,-,320,,,,,,,,
,,,,,777,16/9/2025,home to arcot to kpm + bakery,-,137,,,,,,,,
,,,,,778,17/9/2025,petrol + milk + snacks,-,20,,,,,,,,
,,,,,779,18/9/2025,canteen+juice + can + food,-,122,,,,,,,,
,,,,,780,19/9/2025,Mrng food + canteen + food + snacks,-,139,,,,,,,,
,,,,,781,20/9/2025,Juice + Petrol  + food + snacks,-,290,,,,,,,,
,,,,,782,21/9/2025,Food Order +Snacks ,-,110,,,,,,,,
,,,,,783,22/9/2025,Sugar+tea powder +chicken +curd+vegetable ,-,180,,,,,,,,
,,,,,784,23/9/2025,Nyt Food ,-,60,,,,,,,,
,,,,,785,24/9/2025,Tea +Banana +Bakery +panni poori + Food,-,169,,,,,,,,
,,,,,786,25/9/2025,Food,-,45,,,,,,,,
,,,,,787,26/9/2025,Can ,-,20,,,,,,,,
,,,,,788,27/9/2025,Kolambu + petrol + food,-,160,,,,,,,,
,,,,,789,28/9/2025,tomato + food ,-,95,,,,,,,,
,,,,,790,29/9/2025,petrol + Bakery + food,-,155,,,,,,,,
,,,,,791,30/9/2025,food  + petrol,-,182,,,,,,,,
,,,,,792,1/10/2025,room to kpm to arcot to home + juice + ,-,83,,,,,,,,
,,,,,793,2/10/2025,Detergent ,-,20,,,,,,,,
,,,,,794,3/10/2025,Semmen + amma + bakery ,-,190,,,,,,,,
,,,,,795,5/10/2025,Fevicol + fruits ,-,60,,,,,,,,
,,,,,796,6/10/2025,briyani + home to arcot to kpm + juice +snacks ,-,140,,,,,,,,
,,,,,797,7/10/2025,food + petrol +ff+ bakery +food,-,261,,,,,,,,
,,,,,798,8/10/2025,food+canteen +bakery +food+can,-,159,,,,,,,,
,,,,,799,9/10/2025,petrol+bakery,-,195,,,,,,,,
,,,,,800,10/10/2025,Rent  + bakery ,-,2380,,,,,,,,
,,,,,801,11/10/2025,truf + jio saavan + food+donation ,-,343,,,,,,,,
,,,,,802,12/10/2025,Mukilan + Milk + Bannana + Egg + Tea,-,110,,,,,,,,
,,,,,803,13/10/2025,Food + spare+ tea + bun+ food + milk +bannana,-,173,,,,,,,,
,,,,,804,14/10/2025,Food + spare,-,67,,,,,,,,
,,,,,805,15/10/2025,Milk + Bannana +food ,-,50,,,,,,,,
,,,,,806,16/10/2025,petrol + canteen,-,180,,,,,,,,
,,,,,807,17/10/2025,Rosemilk + Recharge ,-,139,,,,,,,,
,,,,,808,18/10/2025,Milk + Bannana + petrol +watch repair + home spare,-,230,,,,,,,,
,,,,,809,19/10/2025, food+inner,-,264,,,,,,,,
,,,,,810,20/10/2025,Recharge ,-,29,,,,,,,,
,,,,,811,21/10/2025,Recharge ,-,11,,,,,,,,
,,,,,812,22/10/2025,Spotify+Muthukadai to arcot to kpm + food+Recharge ,-,171,,,,,,,,
,,,,,813,23/10/2025,Recharge + Bakery ,-,29,,,,,,,,
,,,,,814,24/10/2025,Bakery ,-,10,,,,,,,,
,,,,,815,25/10/2025,Recharge ,-,19,,,,,,,,
,,,,,816,26/10/2025,Food + Recharge ,-,179,,,,,,,,
,,,,,817,27/10/2025,Petrol + Food,-,180,,,,,,,,
,,,,,818,28/10/2025,Bakery +Tea + snacks ,-,129,,,,,,,,
,,,,,819,29/10/2025,Canteen + Food + Medicine + petrol + haircut +Food,-,448,,,,,,,,
,,,,,820,30/10/2025,can,-,35,,,,,,,,
,,,,,821,31/10/2025,Bannana + milk+snacks+recharge ,-,92,,,,,,,,
,,,,,822,1/11/2025,Food+appalam,-,70,,,,,,,,
,,,,,823,2/11/2025,juice+snack+Juice +kpm to arcot ,-,210,,,,,,,,
,,,,,824,2/11/2025,IV amount ,-,2000,,,,,,,,
,,,,,825,3/11/2025,detergent + home to arcot to kpm +snacks,-,130,,,,,,,,
,,,,,826,4/11/2025,Medicine for leg +water,-,220,,,,,,,,
,,,,,827,5/11/2025,Tea(2) + from scholarship spending,-,244,,,,,,,,
,,,,,828,6/11/2025,IV Extra Amount + Chocolate ,-,400,,,,,,,,
,,,,,829,7/11/2025,Juice + ice cream+soda+juice+chips+waterbottle ,-,250,,,,,,,,
,,,,,830,7/11/2025,Earning + (Keyholder+Keychain )+ bracelet ,-,160,,,,,,,,
,,,,,831,8/11/2025,Railway Snacks + chips+juice ,-,190,,,,,,,,
,,,,,832,8/11/2025,Puffs + Parota +juice+food,-,150,,,,,,,,
,,,,,833,9/11/2025,pes + petrol +food + rent+food,-,2685,,,,,,,,
,,,,,834,10/11/2025,Canteen + kalan with kavi + mukilan ,-,205,,,,,,,,
,,,,,835,11/11/2025,Tea time + snacks+juice+chicken +soup,-,248,,,,,,,,
,,,,,836,13/11/2025,Mrng food + Frds Briyani Seirom+canteen +reward ,-,142,,,,,,,,
,,,,,837,14/11/2025,Mrng Food+Xerox+canteen +juice,-,107,,,,,,,,
,,,,,838,14/11/2025,kpm to arcot to home,-,70,,,,,,,,
,,,,,839,15/11/2025,Recharge ,-,71,,,,,,,,
,,,,,840,18/11/2025,Exam Fees,-,1050,,,,,,,,
,,,,,841,18/11/2025,home to arcot to kpm + Chiken + snacks & milk,-,168,,,,,,,,
,,,,,842,19/11/2025,auto + outing(lays chicken +somosa+juice)+ff,-,239,,,,,,,,
,,,,,843,20/11/2025,Electricity + Mrng Food+kpm to arcot to home+beef,-,245,,,,,,,,
,,,,,844,21/11/2025,Recharge ,-,22,,,,,,,,
,,,,,845,22/11/2025,Recharge + Tamizhavan,-,44,,,,,,,,
,,,,,846,23/11/2025,Petrol + Recharge + home to arcot to kpm,-,178,,,,,,,,
,,,,,847,,,,,,,,,,,,
,,,,,,,,,181979,,,,,,,,
,,,,,,,,,,,,,,,,,
,,,,,,,,,,,,,,,,,
,,,,,,,,,,,,,,,,,
,,,,,,,,,,,,,,,,,
,,,,,,,,,,,,,,,,,
,,,,,,,,,,,,,,,,,
,,,,,,,,,,,,,,,,,
,,,,,,,,,,,,,,,,,
,,,,,,,,,,,,,,,,,
,,,,,,,,,,,,,,,,,
,,,,,,,,,,,,,,,,,
,,,,,,,,,,,,,,,,,
,,,,,,,,,,,,,,,,,
,,,,,,,,,,", ",,,,,,,
,,,,,,,,,,,,,,,,,
,,,,,,,,,,1244,,,,,,,
,,,,,,,,,,610,,,,,,,
,,,,,,,,,,,,,,,,,
,,,,,,,,,,,,,,,,,
,,,,,,,,,,,,,,,,,
,,,,,,,,,,,,,,,,,
,,,,,,,,,,,,,,,,,
,,,,,,,,,,,,,,,,,
,,,,,,,,,,,,,,,,,
,,,,,,,,,,,,,,,,,
,,,,,,,,,,,,,,,,,
,,,,,,,,,,,,,,,,,
,,,,,,,,,,,,,,,,,
,,,,,,,,,,,,,,,,,
,,,,,,,,,,,,,,,,,
,,,,,,,,,,,,,,,,,
,,,,,,,,,,,,,,,,,
,,,,,,,,,,,,,,,,,
,,,,,,,,,,,,,,,,,
,,,,,,,,,,,,,,,,,
,,,,,,,,,,,,,,,,,
,,,,,,,,,,,,,,,,,
,,,,,,,,,,,,,,,,,
,,,,,,,,,,,,,,,,,
,,,,,,,,,,,,,,,,,
,,,,,,,,,,,,,,,,,
,,,,,,,,,,,,,,,,,
,,,,,,,,,,,,,,,,,
,,,,,,,,,,,,,,,,,
,,,,,,,,,,,,,,,,,
,,,,,,,,,,,,,,,,,
,,,,,,,,,,,,,,,,,
Overall Balance:,,,,,1507,,,,,,,,,,,,
Balance In Account ,,,,,263,,,,,,,,,,,,
,,,,,,,,,,,,,,,,,
,,,,,,,,,,,,,,,,,
Balance In Hand,,,,,1194,,,,,,,,,,,,
,,,,,,,,,,,,,,,,,
,,,,,,,,,,,,,,,,,
,,,,,,Total,1457,,,,,,,,,,
,,,,,,,,,,,,,,,,,
,,,,,,Extra,-50,,,,,,,,,,
,,,,,,,,,,,,,,,,,
,,,,,,,,,,,,,,,,,
,,,,,,,,,,,,,,,,,
,,,,,,,,,,,,,,,,,
,,,,,,,,,,,,,,,,,
,,,,,,,,,,,,,,,,,
,,,,,,,,,,,,,,,,,
,,,,,,,,,,,,,,,,,
,,,,,,,,,,,,,,,,,
,,,,,,,,,,,,,,,,,
,,,,,,,,,,,,,,,,,
,,,,,,,,,,,,,,,,,
,,,,,,,,,,,,,,,,,
,,,,,,,,,,,,,,,,,
,,,,,,,,,,,,,,,,,
,,,,,,,,,,,,,,,,,
,,,,,,,,,,,,,,,,,
,,,,,,,,,,,,,,,,,
,,,,,,,,,,,,,,,,,
,,,,,,,,,,,,,,,,,
,,,,,,,,,,,,,,,,,
,,,,,,,,,,,,,,,,,
,,,,,,,,,,,,,,,,,
,,,,,,,,,,,,,,,,,
,,,,,,,,,,,,,,,,,
,,,,,,,,,,,,,,,,,
,,,,,,,,,,,,,,,,,
,,,,,,,,,,,,,,,,,
,,,,,,,,,,,,,,,,,
,,,,,,,,,,,,,,,,,
,,,,,,,,,,,,,,,,,
,,,,,,,,,,,,,,,,,
,,,,,,,,,,,,,,,,,
,,,,,,,,,,,,,,,,,
,,,,,,,,,,,,,,,,,
,,,,,,,,,,,,,,,,,
,,,,,,,,,,,,,,,,,
,,,,,,,,,,,,,,,,,
,,,,,,,,,,,,,,,,,
,,,,,,,,,,,,,,,,,
,,,,,,,,,,,,,,,,,
,,,,,,,,,,,,,,,,,
,,,,,,,,,,,,,,,,,
,,,,,,,,,,,,,,,,,
,,,,,,,,,,,,,,,,,
,,,,,,,,,,,,,,,,,
,,,,,,,,,,,,,,,,,
,,,,,,,,,,,,,,,,,
,,,,,,,,,,,,,,,,,
,,,,,,,,,,,,,,,,,
,,,,,,,,,,,,,,,,,
,,,,,,,,,,,,,,,,,
,,,,,,,,,,,,,,,,,
1,17/02/2024,appa kudatha amount for phone,-,7000,,,,,,,,,,,,,
,,,,,,,,,,,,,,,,,
,,,,,,,,,,,,,,,,,
2,21/02/2024,Deposit to My account ,-,5500,,,,,,,,,,,,,
3,22/02/2024,Deposit to My account ,-,1500,,,,,,,,,,,,,
4,01/03/2024,1st month Due(March),-,-4330,,,,,,,,,,,,,
5,12/03/2024,Room rent,-,-1250,,,,,,,,,,,,,
8,13/03/2024,NoteBook ,-,-420,,,,,,,,,,,,,
7,12/03/2024,Balance in Account Before buying Notes,-,1420,,,,,,,,,,,,,
8,17/03/2024,Chennai spended,-,-1000,,,,,,,,,,,,,
Total,,,-,0,,,,,,,,,,,,,
,,,,,,,,,,,,,,,,,
,,,,,,,,,,,,,,,,,
,,,,,,,,,,,,,,,,,
,,,,,,,,,,,,,,,,,
,,,,,,,,,,,,,,,,,
,,,,,,,,,,,,,,,,,
,,,,,,,,,,,,,,,,,
,,,,,,,,,,,,,,,,,
PERSONAL MONEY,,,,,,,,,,,,,,,,,
,,,,,,,,SCHOLARSHIP MONEY,,,,,,,,,
,,,,,,,,,,,,,,,,,
,,,,,,,,,,,,,,,,,
,,,,,,,,,,,,,,,,,
,,,,,,,,,,,,,,,,,
,,,,,,,,,,,,,,,,,
1,25/03/2024,Amount Credited  scholarship ,-,13300,,,,1,25/4/2025,Scholarship Amount ,-,16700,,,,,
,,,,,,,,2,29/4/2025,Ucer Refund Amount (8K Sended to Appa),-,5545,,,,,
2,16/04/2024,Instagram +manavalan,-,700,,,,3,18/4/2025,patti,-,1500,,,,,
,,,,,,,,4,,patti + moli,-,1350,,,,,
,,,,,,,,5,28/8/2025,Ragavan's Bro for Marriage + kavitha + unknown ,-,1200,,,,,
,,,,,,,,6,,Certificate ,-,1000,,,,,
,,,,,,,,7,14/9/2025,patti,-,3000,,,,,
,,,,,,,,8,16&25/9/2025,Catering Amount ,-,1750,,,,,
,,,,,,,,9,13/10/2025,Campaign Work (Tamil Anna) - spare (100),-,2100,,,,,
,,,,,,,,10,20/10/2025,patti,-,500,,,,,
,,,,,,,,11,19/10/2025,Appa for diwali dress,-,1000,,,,,
,,,,,,,,,,Total Amount ,-,35645,,,,,
,,,,,,,,,,,,,,,,,
,,,,,,,,,,,,,,,,,
,,,,,,,,,,,,,,,,,
,,,,,,,,,,,,,,,,,
,,,,,,,,,,,,,,,,,
3,01/06/2024,appa given for lic,-,3000,,,,1,27/4/2025,phone Temper (matte screen protector),-,300,,,,,
4,04/06/2024,appa given for xm fee,-,2000,,,,2,28/4/2025,Movie + water+juice+rosemilk+snacks,-,320,,,,,
5,16/06/2024,catering amount,-,1600,,,,3,29/4/2025,FTEORGANIC Order,-,33,,,,,
6,25/08/2024,patti given,-,1200,,,,4,3/5/2025,Ice cream ,-,102,,,,,
7,06/09/2024,catering ,-,2440,,,,5,3/5/2025,Dress Order(White),-,237,,,,,
8,06/10/2024,appa+amma,-,8000,,,,6,4/5/2025,Junction Box,-,141,,,,,
9,30/10/2024,appa given for supermarket (supermarket+Re+juice),-,1824,,,,7,8/5/2025,Recharge ,-,900,,,,,
10,01/01/2025,Joshua (),-,2000,,,,8,10/5/2025,Movie + parking ,-,155,,,,,
11,3/1/25(14/12/24),patti,-,1700,,,,9,11/5/2025,shirt order (Refunded),-,0,,,,,
12,13/01/2025,anna for dress(transfered to personal),-,1000,,,,10,12/5/2025,Fish oil(omega3) tablet ,-,512,,,,,
13,14/01/2025,patti for pongal,-,2000,,,,11,15/5/2025,black shirt + Rosemilk + icecream +spare,-,356,,,,,
,,,,,,,,12,15/5/2025,Sent to Normal Spending ,-,1000,,,,,
,,,,,,,,13,16/5/2025,Farewell ,-,650,,,,,
,,,,,,,,14,18/5/2025,spare + record + a4sheet +scale,-,304,,,,,
,,,,,,,,15,25/5/2025,rosemilk,-,100,,,,,
1,03/04/2024,tea+milkshake +Maggie ,-,292,,,,16,31/5/2025,electricity ,-,300,,,,,
2,04/04/2024,Maggie +snacks ,-,105,,,,17,2/6/2025,Sent to Normal Spending ,-,500,,,,,
3,05/04/2024,tea+juice +watermelon +food,-,270,,,,18,3/6/2025,perfume + facewash + watch,-,916,,,,,
4,06/04/2024,juice ,-,109,,,,19,3/6/2025,share market ,-,10000,,,,,
5,06/04/2024,shoe,-,300,,,,20,8/6/2025,shirt,-,400,,,,,
6,08/04/2024,order (pendrive +shoe),-,550,,,,21,11/6/2025,food,-,137,,,,,
7,09/04/2024,order(chain+holder),-,170,,,,22,11/6/2025,shirt,-,332,,,,,
8,10/04/2024,bakery + juice ,-,100,,,,23,23/6/2025,food + ice + water + chennai spare,-,419,,,,,
9,13/04/2024,food ,-,100,,,,24,5/7/2025,Refunded Grow Money ,-,-1625,,,,,
10,13/04/2024,topup + recharge ,-,225,,,,25,/6/2025,Dhanush (Rent advance ),-,0,,,,,
,,,,,,,,26,8/6/2025,amma,-,500,,,,,
,,,,,,,,27,12/7/2025,zudio(slipper+sacks +facemask),-,556,,,,,
,,,,,,,,28,18/7/2025,petrol + chicken + ice+recharge ,-,164,,,,,
,,,,,,,,29,1/8/2025,pant ,-,450,,,,,
,,,,,,,,30,3/8/2025,shirt,-,336,,,,,
,,,,,,,,31,26/8/2025,Rummy Loot + Haircut + bonda,-,367,,,,,
,,,,,,,,32,27/8/2025,kpm to tbm to kbm to Trichy + snacks + coffee  ,-,549,,,,,
,,,,,,,,33,27/8/2025,Briyani + Trichy to chatram to Ragavan home(keepalur),-,216,,,,,
,,,,,,,,34,28/8/2025,locker + park+fruit + panni poori + dinner + return train,-,415,,,,,
,,,,,,,,35,29/8/2025,Chengalpattu to kpm + food + food,-,192,,,,,
,,,,,,,,36,30/8/2025,Mrng food + bakery ,-,561,,,,,
,,,,,,,,37,7/9/2025,IV Advance Amount ,-,1000,,,,,
,,,,,,,,38,8/9/2025,Rummy Loot,-,-200,,,,,
,,,,,,,,37,11/9/2025,food + unknown ,-,45,,,,,
,,,,,,,,38,15/9/2025,Food + movie ,-,300,,,,,
,,,,,,,,39,27/9/2025,Travel Bag + T-Shirt + Pant + Towel,-,1052,,,,,
,,,,,,,,40,30/9/2025,rosemilk + Ice + Juice + Food Truck (Outing),-,193,,,,,
,,,,,,,,41,30/9/2025,Grow Return ,-,-6759,,,,,
,,,,,,,,42,3/10/2025,Boult Z40 Pro Earbuds ,-,1020,,,,,
,,,,,,,,43,18/10/2025,Outing Food + rosemilk ,-,200,,,,,
,,,,,,,,44,19/10/2025,Petrol + Movie + bike air,-,300,,,,,
,,,,,,,,45,19/10/2025,Bike Repair ,-,0,,,,,
,,,,,,,,46,25/10/2025,Black Jeans Shorts,-,250,,,,,
,,,,,,,,47,26/10/2025,Denim Black Jacket,-,707,,,,,
,,,,,,,,48,27/10/2025,Accessories(Chain+Sunglass) + unknown reason debited,-,743,,,,,
,,,,,,,,49,30/10/2025,Accessories (Watch),-,204,,,,,
,,,,,,,,50,30/10/2025,Oversized Pullover T-shirt ,-,560,,,,,
,,,,,,,,51,02/11/2025,Accessories (Cap),-,188,5119,,,,
,,,,,,,,52,2/11/2025,Cargo Pant,-,482,,,,,
,,,,,,,,53,2/11/2025,Jersey + Shoe + White Inner+ Oversized T-Shirt ,-,1200,,,,,
,,,,,,,,54,2/11/2025,Black & white Shirt + Briyani ,-,785,,,,,
,,,,,,,,55,2/11/2025,IV Amount ,-,2000,,,,,
,,,,,,,,56,7/11/2025,Earning + Keychain + bracelet ,-,580,,,,,
,,,,,,,,57,,,,,,,,,
,,,,,,,,,,,,,,,,,
,,,,,,,,,,,,,,,,,
,,,,,,,,,,,,,,,,,
,,,,,,,,,,,,,,,,,
11,17/04/2024,beef+(juice +ice cream (in kanchi &arcot)),-,100,,,,,,,,25645,,,,,
12,18/04/2024,beef + bakery ,-,100,,,,,,,,,,,,,
13,19/04/2024,petrol+recharge,-,129,,,,,,,,,,,,,
14,20/04/2024,rice+snacks+chicken,-,160,,,,,,,,,,,,,
15,22/04/2024,keyboard +mouse ,-,680,,,,,,,,,,,,,
16,22/04/2024,stand+mirror+keyholder+feviki+bulb+tape,-,354,,,,,,,,,,,,,
17,22/04/2024,topup ,-,80,,,,Overall Remaining Balance,,,,10000,,,,,
18,25/04/2024,tea+icecream ,-,87,,,,,,,,,,,,,
19,25/04/2024,milk+bannana +snacks,-,61,,,,,,,,,,,,,
20,25/04/2024,juice ,-,90,,,,,,,,,,,,,
21,25/04/2024,revaluation ,-,300,,,,,,,,,,,,,
22,26/04/2024,pradeep +juice,-,70,,,, Remaining Balance In Account ,,,,9500,9248,,,,
23,26/04/2024,desk,-,378,,,,,,,,,1500,,,,
24,27/04/2024,paratto + banana +watermelon +juice,-,153,,,,,,,,,10748,,,,
25,28/04/2024,order,-,30,,,,Remaining Balance In Hand,,,,500,-252,,,,
26,01/05/2024,food,-,100,,,,,,,,,,,,,
27,02/05/2024,supermarket ,-,100,,,,,,,,,,,,,
28,03/05/2024,bannana + pepsi,-,80,,,,,,,,,,,,,
29,03/05/2024,paratto ,-,60,,,,,,,,,,,,,
30,05/05/2024,tea+juice,-,30,,,,S/No.,Date,Description ,Qty,Order Price,Charges,Amount ,,,
31,06/05/2024,food,-,116,,,,,,,,,,,,,
32,08/05/2024,supermarket ,-,120,,,,,,,,,,,,,
33,10/05/2024,juice,-,40,,,,,,,,,,,,,
34,11/05/2024, juice+Petrol,-,80,,,,1,03/06/2025,Money Added to Grow,1,10000,0,-,10000,,
35,11/05/2024,lens,-,1000,,,,2,03/06/2025,Bse Share Buyed ,2,2725,12.64,-,5462.64,,
36,09/05/2024,gift,-,300,,,,3,04/06/2025,Bse Share Buyed ,1,2750,6.34,-,2756.34,8218.98,
37,11/05/2024,electricity +record,-,115,,,,4,11/06/2025,Bse Share selled,3,2836.1,11.375,-,-8496.925,,
38,12/05/2024,recharge ,-,40,,,,5,11/06/2025,Bse Share Buyed ,3,2880.3,11.505,-,8652.405,,
39,16/05/2024,petrol,-,50,,,,6,05/06/2027,Refunded balance to Main (1625.54),,,,-,1625.54,,
40,18/05/2024, movie,-,200,,,,7,30/09/2025,Withdrawal ,1,6759,,-,6759,,
41,20/05/2024,haircut half amount ,-,90,,,,8,,,,,,-,0,,
42,27/05/2024,Novitech internship,-,1000,,,,9,,,,,,-,0,,
43,31/05/2024,exam fees,-,1500,,,,10,,,,,,-,0,,
44,29-1/5-6/2024,overall spend,-,231,,,,11,,,,,,-,0,,
45,03/06/2024,Recharge ,-,289,,,,12,,,,,,-,0,,
46,06/06/2024,shoe+shirt+pant,-,750,,,,13,,,,,,-,0,,
47,10/06/2024,dress,-,1638,,,,14,,,,,,-,0,,
48,21/06/2024,lic,-,2754,,,,15,,,,,,-,0,,
49,10/08/2024,dhanush rent,-,50,,,,16,,,,,,-,0,,
50,16/08/2024,laptop service ,-,3600,,,,17,,,,,,-,0,,
51,17/08/2024,recharge ,-,50,,,,18,,,,,,-,0,,
,,,,,,,,19,,,,,,-,0,,9927.84
,,,,,,,,20,,,,,,-,0,,
52,23/08/2024,laptop keyboard ,-,550,,,,Total  Share Buyed Amount ,,,,,,8374.46,,,
53,27/08/2024,food order,-,178,,,,,,,,,,,,,
,,,,,,,,,,,,,,,,,
54,01/09/2024,Smytten ,-,553,,,,Balance Amount ,,,,,,0,,,
55,04/09/2024,kanchi to Tambaram,-,150,,,,,,,,,,,,,
56,05/09/2024,t nagar to maduravoial to mandapam,-,150,,,,,,,,,,,,,
57,07/08/2024,tirupati (teddy +anna+amma)+ hundi + cover +laddu,-,130,,,,,,,,,,,8374.46,,
58,15/09/2024,Movie + Snacks + food+inba,-,500,,,,,,,,,,,,,
59,20/09/2024,juice+snacks+ticket+auto(symposium),-,220,,,,,,,,,,,,,
60,23/09/2024,food+ panni poori ,-,115,,,,,,,,,,,,,
61,24/09/2024,iron box,-,409,,,,,,,,,,,,,1615.34
62,26/09/2024,dress,-,1480,,,,,,,,,,,,,
63,26/09/2024,canteen + tea+snacks ,-,156,,,,,,,,,,,,,
64,02/10/2024,photocopy ,-,300,,,,,,,,,,,,,
65,28/10/2024,1st Month LAPTOP EMI,-,8000,,,,,,,,,,,,,
66,1/11/2024,cake+gift,-,225,,,,,,,,,,,,,
67,2/11/2024,color paper decoration + petrol,-,110,,,,,,,,,,,,,
68,04/11/2024,Revaluation ,-,400,,,,,,,,,,,,,
69,07/11/2024,AN food + Dinner,-,120,,,,,,,,,,,,,
70,07/12/2024,gift,-,1000,,,,,,,,,,,,,
71,11/01/2025,supermarket +vegetable +petrol,-,273,,,,,,,,,,,,,
72,12/01/2024,chicken -(kishore+inba+madesh+mano),-,,,,,,,,,,,,,,
73,13/01/2025,lenskart for gokul+gokul ku thara vendiya amount ,-,180,,,,,,,,,,,,,
74,13/01/2025,dmart+chicken ,-,147,,,,,,,,,,,,,
75,13/01/2025,electricity bill for Dhanush,-,1,,,,,,,,,,,,,
76,16/1/2025,Recharge ,-,40,,,,,,,,,,,,,
77,18/1/2025,Recharge ,-,51,,,,,,,,,,,,,
78,20/01/2025,cake for mukil,-,70,,,,,,,,,,,,,
79,21/01/2025,Food order ,-,42,,,,,,,,,,,,,
80,22/01/2025,dress,-,134,,,,,,,,,,,,,
81,24/01/2025,(gluegun+soldering iron) + laptop stand+chicken,-,592,,,,,,,,,,,,,
82,26/1/2025,Recharge ,-,29,,,,,,,,,,,,,
83,27/1/2025,bakery+snacks+recharge ,-,94,,,,,,,,,,,,,
84,28/1/2025,hospital +chicken ,-,170,,,,,,,,,,,,,
85,29/1/2025,recharge ,-,11,,,,,,,,,,,,,
86,30/1/2025,Bakery,-,80,,,,,,,,,,,,,
87,31/01/2025,Recharge ,-,22,,,,,,,,,,,,,
88,04/02/2025,petrol+dress+backcase+dress+chicken+dmart,-,2465,,,,,,,,,,,,,
89,11/02/2025,pant order+shirt order,-,1225,,,,,,,,,,,,,
90,13/02/2025,Shirt order+recharge ,-,375,,,,,,,,,,,,,
91,15/02/2025,recharge ,-,29,,,,,,,,,,,,,
92,,petrol,-,110,,,,,,,,,,,,,
93,28/02/2025,note+spare,-,82,,,,,,,,,,,,,
94,01/03/2025,spare,-,20,,,,,,,,,,,,,
95,08/03/2025,kpm to Chennai to bookbank +book,-,400,,,,,,,,,,,,,
,,thirumayil to park to kpm + snacks,,,,,,,,,,,,,,,
96,,,,,,,,,,,,,,,,,
,,,,,,,,,,,,,,,,,
,,,,,,,,,,,,,,,,,
,,,,,,,,,,,,,,,,,
,,,,,,,,,,,,,,,,,
,,,,40764,,,,,,,,,,,,,
,,,,,,,,,,,,,,,,,
,,,,,,,,,,,,,,,,,
,,,,,,,,,,,,,,,,,
,,,,,,,,,,,,,,,,,
,,,,,,,,,,,,,,,,,
Overall Remaining Balance,,,,0,,,,,,,,,,,,,
,,,,,,,,,,,,,,,,,
,,,,,,,,,,,,,,,,,
,,,,,,,,,,,,,,,,,
,,,,,,,,,,,,,,,,,
 Remaining Balance In Account ,,,,0,,,,,,,,,,,,,
,,,,,,,,,,,,,,,,,
,,,,,,,,,,,,,,,,,
Remaining Balance In Hand,,,,0,,,,,,,,,,,,,
,,,,,,,,,,,,,,,,,
,,,,,,,,,,,,,,,,,
,,,,,,,,,,,,,,,,,
,,,,,,,,,,,,,,,,,
,,,,,,,,,,,,,,,,,
,,,,,,,,,,,,,,,,,
,,,Laptop Due ,Amount ,,,,,,,,,,,,,
,,,,,,,,,,,,,,,,,
,,,1st,8398,,,,,,,,,,,,,
,,,2nd,7988,,,,,,,,,,,,,
,,,3rd,7936,,,,,,,,,,,,,
,,,4th,7918,,,,,,,,,,,,,
,,,5th,7900,,,,,,,,,,,,,
,,,6th,7881,,,,,,,,,,,,,
,,,,,,,,,,,,,,,,,
,,,Total,48021,,,,,,,,,,,,,
,,,,,,,,,,,,,,,,,
,,,,,,,,,,,,,,,,,
,,,First shown in Emi,7844,,,,,,,,,,,,,
,,,,,,,,,,,,,,,,,
,,,,,,,,,,,,,,,,,
,,,,,,,,,,,,,,,,,
,,,,,,,,,,,,,,,,,
,,,,,,,,,,,,,,,,,
,,,,,,,,,,,,,,,,,
,,,,,,,,,,,,,,,,,
abdul given for spare,30,vishwa = 50 ,,,,,,,,,,,,,,,
,,prakash = 10,,,,,,,,,,,,,,,
,,Arun = 10,,,,,,,,,,,,,,,
,,,,,,,,,,,,,,,,,
,,,,,,,,,,,,,,,,,
3 serve amount  (3*350) - Ram(Received),1050,,,,,,,,,,,,,,,,
1 serve amount (1*350) - Ram(Received),350,,,,,,,,,,,,,,,,
1 serve amount (1*350) - Pradeep (Pending),350,,,,,,,,,,,,,,,,
,,,,,,,,,,,,,,,,,
,,,,,,,,,,,,,,,,,
,,,,,,,,,,,,,,,,,
,,,,,,,,,,,,,,,,,
,350,,,,,,,,,,,,,,,,